date,n1,n2,n3,n4,n5,powerball,multiplier
2004-01-01,16,19,20,38,60,4,4x
2004-01-05,13,24,27,51,54,8,
2004-01-08,45,48,55,55,66,1,10x
2004-01-12,8,9,11,18,49,1,10x
2004-01-15,11,15,37,38,41,23,5x
2004-01-20,8,14,16,25,60,9,
2004-01-25,10,29,42,61,63,13,2x
2004-01-30,3,3,16,28,44,7,2x
2004-02-03,1,22,53,61,62,10,
2004-02-06,5,5,19,45,56,25,5x
2004-02-11,13,52,62,65,65,4,
2004-02-16,5,25,35,60,65,14,
2004-02-19,23,39,40,47,50,20,
2004-02-23,7,8,17,35,36,23,
2004-02-26,3,9,24,25,55,22,2x
2004-02-29,15,23,46,47,69,26,4x
2004-03-03,2,17,22,30,61,11,3x
2004-03-06,3,11,11,16,69,17,
2004-03-10,10,22,24,30,55,17,
2004-03-14,10,12,18,37,44,9,4x
2004-03-17,28,32,61,61,66,25,10x
2004-03-22,6,10,31,57,64,3,4x
2004-03-26,1,2,29,51,53,20,4x
2004-03-29,7,8,19,42,53,12,5x
2004-04-01,4,11,35,49,66,25,10x
2004-04-06,14,19,28,33,36,1,
2004-04-11,10,27,49,57,58,5,
2004-04-16,17,24,27,29,52,15,10x
2004-04-20,11,14,15,17,61,13,
2004-04-23,17,19,36,45,58,1,4x
2004-04-26,13,23,28,41,53,6,3x
2004-04-30,8,24,59,59,63,14,2x
2004-05-05,1,4,42,55,60,20,
2004-05-10,8,26,35,37,47,16,2x
2004-05-14,7,22,36,46,51,3,10x
2004-05-18,6,23,37,38,52,19,
2004-05-21,7,10,20,28,36,23,2x
2004-05-25,3,15,25,55,63,14,3x
2004-05-28,10,13,39,62,63,24,10x
2004-06-01,9,34,53,64,66,5,
2004-06-06,16,36,37,48,51,16,4x
2004-06-09,8,37,42,54,64,18,
2004-06-13,8,29,31,39,65,17,2x
2004-06-18,10,23,29,56,68,18,10x
2004-06-21,10,16,40,48,53,7,4x
2004-06-25,5,18,35,48,60,17,5x
2004-06-29,23,25,31,55,62,10,
2004-07-02,27,44,61,63,69,24,3x
2004-07-05,2,39,41,57,69,21,
2004-07-08,13,27,28,38,60,1,
2004-07-13,2,7,19,24,29,15,2x
2004-07-16,11,17,44,47,51,2,5x
2004-07-19,16,45,45,63,67,15,10x
2004-07-23,10,13,27,33,51,7,4x
2004-07-27,10,10,39,56,60,19,
2004-07-31,3,12,27,37,61,10,
2004-08-05,7,37,44,48,62,12,
2004-08-08,5,22,37,58,59,8,
2004-08-12,19,31,49,52,67,2,
2004-08-15,18,19,28,57,57,3,2x
2004-08-20,24,27,40,52,54,3,
2004-08-23,1,18,29,48,61,10,3x
2004-08-28,21,41,54,61,62,15,
2004-08-31,16,20,34,42,44,4,5x
2004-09-03,30,35,39,54,65,15,
2004-09-08,4,7,21,61,63,2,4x
2004-09-12,12,26,32,39,45,16,
2004-09-16,3,34,37,46,48,7,4x
2004-09-20,8,32,63,68,69,23,
2004-09-24,18,24,43,63,69,4,
2004-09-27,13,35,38,38,52,25,3x
2004-09-30,26,29,45,45,50,18,3x
2004-10-04,11,14,27,36,38,11,5x
2004-10-09,10,16,30,57,57,15,3x
2004-10-13,1,25,41,47,51,1,10x
2004-10-18,5,8,16,19,57,15,
2004-10-21,2,5,45,57,67,14,
2004-10-24,7,24,28,43,68,4,
2004-10-27,13,27,30,50,59,1,10x
2004-10-30,23,30,52,58,66,11,5x
2004-11-04,3,4,7,18,58,14,
2004-11-07,5,11,12,19,39,6,5x
2004-11-10,2,28,31,49,53,19,2x
2004-11-13,7,13,15,44,46,25,
2004-11-16,22,22,27,38,41,21,3x
2004-11-21,10,21,43,47,51,20,
2004-11-24,22,24,25,28,34,16,2x
2004-11-28,2,12,13,34,62,23,2x
2004-12-03,17,28,28,44,60,8,4x
2004-12-07,8,19,32,40,44,13,4x
2004-12-12,40,40,52,62,63,2,
2004-12-17,9,11,19,26,63,22,2x
2004-12-21,1,9,27,35,37,21,5x
2004-12-26,15,25,25,47,52,16,2x
2004-12-31,23,26,45,46,60,23,4x
2005-01-03,13,26,33,39,49,17,4x
2005-01-08,14,31,33,44,55,21,5x
2005-01-13,25,31,36,46,55,15,2x
2005-01-16,23,35,63,64,68,11,2x
2005-01-21,6,6,18,30,57,26,5x
2005-01-24,12,12,27,28,55,17,
2005-01-28,13,14,33,59,69,5,
2005-02-02,2,27,67,68,68,8,10x
2005-02-07,1,10,15,30,64,1,
2005-02-10,47,53,62,65,65,12,4x
2005-02-15,3,21,27,28,62,6,3x
2005-02-20,1,10,19,22,66,24,
2005-02-23,1,5,20,35,42,14,
2005-02-28,1,7,10,41,51,2,
2005-03-05,2,2,11,28,63,20,
2005-03-09,7,24,51,61,66,23,5x
2005-03-12,2,38,47,49,51,3,4x
2005-03-17,17,21,24,56,66,4,10x
2005-03-20,8,8,33,41,65,6,2x
2005-03-23,16,20,55,63,66,21,
2005-03-27,6,8,11,14,42,8,
2005-03-30,32,45,48,60,60,12,
2005-04-04,4,5,18,22,49,17,10x
2005-04-09,18,35,35,51,51,2,4x
2005-04-13,21,32,39,42,66,20,
2005-04-18,34,38,39,51,54,15,5x
2005-04-21,1,21,37,61,69,18,4x
2005-04-25,19,20,25,40,46,26,10x
2005-04-30,5,28,46,47,63,22,4x
2005-05-05,9,26,50,56,59,2,2x
2005-05-09,17,25,57,64,66,24,5x
2005-05-14,5,20,42,63,63,13,
2005-05-18,9,30,32,53,69,5,3x
2005-05-22,27,32,45,53,58,15,3x
2005-05-25,6,7,22,31,41,12,4x
2005-05-29,7,15,42,51,58,18,5x
2005-06-01,8,8,10,37,46,6,2x
2005-06-06,2,28,30,62,62,9,5x
2005-06-10,12,45,55,61,67,21,4x
2005-06-13,1,5,13,18,32,26,
2005-06-16,2,6,18,47,49,19,
2005-06-20,5,14,36,41,62,20,2x
2005-06-23,10,17,30,30,53,13,5x
2005-06-28,12,21,34,53,67,7,
2005-07-02,17,17,32,49,58,8,5x
2005-07-06,3,9,30,41,57,17,
2005-07-11,8,11,17,34,56,24,4x
2005-07-16,13,30,39,52,57,4,
2005-07-19,4,8,22,44,63,23,3x
2005-07-23,19,24,34,49,62,20,3x
2005-07-28,3,4,57,63,64,17,5x
2005-07-31,16,39,46,52,52,11,
2005-08-03,3,16,37,41,43,25,5x
2005-08-07,3,7,34,35,53,11,2x
2005-08-12,3,18,23,38,65,14,5x
2005-08-17,18,27,31,36,52,8,3x
2005-08-21,1,2,41,52,56,14,
2005-08-24,3,41,45,57,69,13,
2005-08-27,28,35,47,49,49,14,3x
2005-08-31,22,23,44,52,52,22,5x
2005-09-04,26,36,45,51,55,22,3x
2005-09-08,2,14,24,49,49,2,
2005-09-12,6,36,44,49,58,18,10x
2005-09-16,7,8,17,35,59,23,5x
2005-09-21,16,40,45,48,54,12,
2005-09-26,7,26,26,32,59,23,
2005-09-30,6,43,50,56,60,6,
2005-10-05,3,10,20,39,53,11,2x
2005-10-08,8,14,14,54,57,7,5x
2005-10-13,2,2,10,45,69,7,
2005-10-18,1,37,57,61,65,20,
2005-10-23,15,19,36,37,57,3,
2005-10-26,20,28,42,48,59,3,
2005-10-29,14,20,37,42,54,4,
2005-11-01,19,37,44,49,65,12,2x
2005-11-06,9,9,14,29,49,1,
2005-11-09,13,37,44,58,68,6,10x
2005-11-13,1,2,13,16,30,21,2x
2005-11-16,12,22,49,67,69,26,2x
2005-11-20,5,13,21,25,49,18,5x
2005-11-25,46,48,57,57,62,1,4x
2005-11-30,5,42,46,63,68,4,3x
2005-12-03,12,22,36,37,49,10,5x
2005-12-07,12,18,34,40,45,9,
2005-12-10,12,32,37,43,44,16,
2005-12-15,13,20,40,59,61,18,4x
2005-12-20,31,55,63,64,66,9,
2005-12-24,17,31,40,41,63,20,2x
2005-12-28,13,30,35,65,69,6,4x
2005-12-31,52,56,56,59,69,15,5x
2006-01-05,7,7,9,46,62,4,
2006-01-08,10,11,21,49,64,11,3x
2006-01-12,3,44,50,61,67,3,2x
2006-01-16,1,16,30,37,60,18,
2006-01-20,3,6,44,46,59,26,5x
2006-01-24,7,9,39,42,59,20,2x
2006-01-29,9,10,22,32,36,12,2x
2006-02-01,3,8,33,38,56,12,
2006-02-06,6,14,17,21,67,25,5x
2006-02-09,12,44,46,57,65,4,3x
2006-02-13,3,30,33,38,62,7,
2006-02-16,3,24,34,44,58,19,
2006-02-20,8,27,65,66,68,13,
2006-02-25,13,21,23,26,45,11,5x
2006-02-28,46,50,55,63,69,18,
2006-03-03,9,29,50,55,63,2,3x
2006-03-06,14,31,38,39,64,18,5x
2006-03-11,2,19,60,62,68,15,10x
2006-03-16,32,32,63,64,68,16,
2006-03-20,9,25,45,49,68,12,
2006-03-24,5,34,46,63,65,10,
2006-03-27,13,23,23,40,47,22,10x
2006-03-31,3,5,41,52,65,13,10x
2006-04-03,27,34,39,39,41,10,2x
2006-04-08,1,2,39,41,49,2,5x
2006-04-13,22,30,39,47,61,21,
2006-04-16,15,25,36,46,66,10,2x
2006-04-19,4,16,20,53,62,17,5x
2006-04-23,21,26,39,67,67,8,10x
2006-04-26,30,31,45,53,57,5,10x
2006-05-01,3,14,23,45,49,24,5x
2006-05-06,9,11,20,42,57,23,
2006-05-09,14,43,43,44,47,8,5x
2006-05-13,4,12,54,65,65,1,10x
2006-05-18,6,12,17,25,34,21,
2006-05-22,12,27,44,44,54,3,10x
2006-05-25,9,36,59,66,69,6,5x
2006-05-29,17,57,60,64,69,14,
2006-06-03,2,4,26,29,39,8,3x
2006-06-07,13,16,33,53,54,26,2x
2006-06-11,11,25,33,39,53,1,
2006-06-14,13,19,52,62,69,26,2x
2006-06-18,9,10,24,48,57,17,3x
2006-06-23,9,12,42,65,66,7,3x
2006-06-28,15,19,27,42,58,11,4x
2006-07-02,10,27,45,61,68,9,
2006-07-05,4,30,32,54,67,12,
2006-07-10,7,16,33,54,57,3,
2006-07-14,16,16,28,31,56,4,
2006-07-18,2,19,31,39,52,6,
2006-07-23,10,12,15,60,66,14,2x
2006-07-26,32,32,35,48,63,18,
2006-07-30,18,32,40,47,55,8,2x
2006-08-04,6,32,51,55,58,2,3x
2006-08-09,6,55,57,60,60,9,3x
2006-08-12,15,23,24,24,56,19,4x
2006-08-15,17,29,40,60,63,17,3x
2006-08-19,4,11,20,24,39,16,
2006-08-24,24,31,33,37,69,17,
2006-08-29,42,47,54,56,60,13,2x
2006-09-01,23,37,39,45,46,15,
2006-09-05,24,36,44,51,58,25,10x
2006-09-09,18,18,42,44,49,10,2x
2006-09-12,40,43,52,60,69,3,5x
2006-09-17,6,34,43,57,60,11,10x
2006-09-21,29,33,34,36,45,24,10x
2006-09-26,17,31,33,51,68,4,5x
2006-10-01,4,11,48,52,57,21,3x
2006-10-05,1,31,39,58,61,17,4x
2006-10-10,6,20,31,37,61,12,4x
2006-10-14,5,9,23,40,41,4,2x
2006-10-18,5,26,30,45,46,9,4x
2006-10-22,4,6,16,50,54,11,
2006-10-26,27,39,59,60,63,21,5x
2006-10-30,10,14,40,58,66,14,2x
2006-11-04,14,32,39,56,58,17,10x
2006-11-08,9,12,27,40,67,13,
2006-11-11,7,12,18,37,54,20,5x
2006-11-14,3,8,8,16,39,3,
2006-11-18,9,32,44,48,63,1,
2006-11-22,9,38,44,49,62,24,4x
2006-11-25,10,13,33,36,49,18,
2006-11-29,22,22,35,37,65,18,
2006-12-03,18,21,28,30,52,14,4x
2006-12-07,9,14,32,45,45,24,4x
2006-12-12,5,27,37,45,64,1,
2006-12-15,12,19,22,43,47,16,
2006-12-20,13,16,42,58,68,14,2x
2006-12-24,11,12,16,57,68,21,5x
2006-12-29,2,14,24,27,44,22,10x
2007-01-01,29,34,45,56,66,14,10x
2007-01-04,35,41,43,46,57,23,10x
2007-01-09,1,4,16,39,42,5,5x
2007-01-14,3,6,62,62,69,15,
2007-01-19,8,54,55,61,69,12,
2007-01-22,16,22,42,56,69,20,
2007-01-25,5,21,45,64,68,7,5x
2007-01-30,19,34,51,57,60,22,3x
2007-02-03,14,34,40,46,68,8,5x
2007-02-08,50,58,58,63,65,8,
2007-02-11,10,17,24,34,51,6,2x
2007-02-15,9,9,12,16,28,5,4x
2007-02-19,1,16,43,53,58,18,
2007-02-23,20,22,48,58,63,16,
2007-02-27,2,10,14,42,67,6,2x
2007-03-03,15,31,40,44,61,18,2x
2007-03-07,3,10,40,50,55,9,
2007-03-10,5,20,22,25,54,10,4x
2007-03-14,2,10,14,34,53,18,
2007-03-19,12,36,39,44,46,12,2x
2007-03-24,28,29,38,41,46,23,
2007-03-28,3,35,38,38,49,17,
2007-04-01,12,23,32,32,53,8,
2007-04-04,8,28,39,40,54,23,2x
2007-04-07,2,16,16,18,20,25,5x
2007-04-12,35,45,58,63,66,5,5x
2007-04-17,7,44,48,52,54,10,4x
2007-04-22,5,21,37,49,57,10,
2007-04-27,16,20,24,48,52,26,4x
2007-05-01,6,9,16,39,66,12,
2007-05-06,3,4,31,47,66,11,3x
2007-05-09,17,31,32,45,60,9,
2007-05-12,3,3,12,26,53,16,5x
2007-05-17,8,16,32,45,56,3,
2007-05-22,12,26,33,43,47,26,5x
2007-05-26,3,5,7,15,38,24,
2007-05-30,4,20,40,44,48,6,
2007-06-02,5,11,18,49,54,5,5x
2007-06-05,27,42,59,60,65,17,
2007-06-08,4,26,26,56,67,17,
2007-06-13,8,16,28,34,62,25,4x
2007-06-18,33,34,44,66,66,18,10x
2007-06-21,7,8,22,27,40,1,2x
2007-06-24,15,43,57,58,62,25,
2007-06-29,6,23,39,48,65,9,4x
2007-07-02,3,21,59,60,62,10,4x
2007-07-06,30,31,44,47,64,26,4x
2007-07-09,1,24,31,40,47,2,2x
2007-07-13,7,19,44,59,61,21,10x
2007-07-17,21,23,46,60,65,13,
2007-07-21,10,14,20,21,68,16,
2007-07-26,5,20,37,43,56,19,5x
2007-07-29,5,10,22,29,60,11,5x
2007-08-02,3,25,49,61,69,12,
2007-08-06,15,24,32,48,65,1,3x
2007-08-11,19,22,29,30,51,21,3x
2007-08-15,41,42,48,53,64,6,5x
2007-08-19,18,26,29,49,69,22,3x
2007-08-23,16,33,43,43,52,26,
2007-08-27,6,10,23,37,43,5,10x
2007-08-30,18,42,42,52,59,19,10x
2007-09-02,2,35,49,59,59,14,10x
2007-09-05,14,26,41,47,59,25,3x
2007-09-08,10,12,15,38,49,16,2x
2007-09-11,2,4,24,35,62,24,5x
2007-09-14,7,12,36,40,48,22,
2007-09-19,18,20,24,34,40,15,10x
2007-09-22,15,43,43,57,69,14,4x
2007-09-27,3,35,37,38,49,13,
2007-09-30,10,16,36,46,69,9,5x
2007-10-03,15,26,41,47,49,19,
2007-10-06,14,28,44,48,66,4,
2007-10-10,4,9,26,33,54,5,2x
2007-10-13,24,31,47,65,68,9,
2007-10-18,1,6,41,48,51,11,3x
2007-10-21,21,21,25,48,64,17,4x
2007-10-25,6,23,28,64,68,4,
2007-10-28,6,7,32,46,55,20,10x
2007-11-02,6,21,34,40,69,19,4x
2007-11-07,5,7,33,36,42,11,4x
2007-11-12,1,22,44,45,63,12,2x
2007-11-16,4,5,21,41,58,9,10x
2007-11-19,11,17,17,33,66,12,
2007-11-22,25,27,28,30,31,1,3x
2007-11-27,6,10,19,47,48,21,
2007-12-02,24,47,53,61,62,19,2x
2007-12-06,9,25,51,57,65,22,
2007-12-10,11,42,45,52,60,8,
2007-12-13,3,13,24,49,60,6,2x
2007-12-16,11,39,49,66,68,13,10x
2007-12-21,4,14,45,59,69,21,3x
2007-12-25,7,26,41,52,60,9,
2007-12-29,11,50,58,67,68,20,3x
2008-01-02,15,17,57,61,65,13,5x
2008-01-07,4,12,50,54,68,17,10x
2008-01-10,3,23,33,38,48,12,
2008-01-14,11,16,24,50,63,23,2x
2008-01-17,10,17,34,47,68,15,
2008-01-21,17,31,33,36,45,2,2x
2008-01-26,5,24,28,44,54,22,5x
2008-01-31,29,34,37,59,69,6,10x
2008-02-04,27,32,35,48,57,24,4x
2008-02-07,13,39,43,48,67,7,3x
2008-02-11,17,28,31,54,62,3,
2008-02-14,10,25,31,51,60,9,5x
2008-02-18,18,26,27,28,60,2,10x
2008-02-21,10,26,54,54,65,23,
2008-02-26,2,23,30,36,61,10,3x
2008-03-02,15,16,50,57,66,2,
2008-03-06,16,17,25,51,56,7,
2008-03-11,9,11,39,52,66,7,
2008-03-14,1,16,18,25,43,8,
2008-03-19,8,18,24,53,67,5,4x
2008-03-24,6,28,38,49,54,18,3x
2008-03-29,8,32,40,54,65,16,10x
2008-04-03,4,15,23,40,62,3,10x
2008-04-06,3,6,36,37,54,24,4x
2008-04-09,10,18,35,40,43,2,
2008-04-12,32,34,44,50,53,20,3x
2008-04-15,7,30,31,55,59,24,4x
2008-04-19,12,23,27,55,69,6,
2008-04-24,22,28,35,53,62,3,2x
2008-04-28,24,25,29,31,37,6,3x
2008-05-01,5,5,13,60,61,17,4x
2008-05-06,7,7,15,47,66,3,
2008-05-11,6,36,39,52,58,4,
2008-05-16,23,34,52,59,61,10,
2008-05-21,14,30,56,57,66,7,4x
2008-05-25,5,44,54,63,65,13,4x
2008-05-30,11,36,53,61,63,20,
2008-06-02,13,22,29,33,38,13,2x
2008-06-07,5,33,35,37,52,15,
2008-06-10,24,50,58,60,61,4,2x
2008-06-13,3,24,25,27,52,18,
2008-06-18,17,22,24,42,51,16,3x
2008-06-21,11,41,53,63,66,7,5x
2008-06-25,3,6,31,54,57,18,
2008-06-30,15,24,34,50,59,8,4x
2008-07-05,17,33,46,63,67,18,5x
2008-07-10,3,16,17,35,60,22,
2008-07-13,1,2,4,29,47,17,3x
2008-07-18,5,5,6,12,65,18,
2008-07-23,14,22,37,59,69,12,
2008-07-28,17,19,29,32,61,9,2x
2008-08-02,5,51,58,65,67,15,3x
2008-08-05,1,23,42,64,68,10,3x
2008-08-10,3,6,12,34,67,1,3x
2008-08-13,2,22,31,63,65,11,
2008-08-17,6,15,21,22,23,24,10x
2008-08-20,12,19,28,44,45,14,
2008-08-24,5,25,35,45,62,21,5x
2008-08-29,2,7,9,15,32,19,5x
2008-09-03,3,4,44,51,52,7,
2008-09-07,2,3,15,32,40,3,
2008-09-12,6,7,26,28,44,1,
2008-09-17,3,8,17,34,49,23,3x
2008-09-22,2,16,21,39,67,6,
2008-09-27,8,25,46,49,57,4,10x
2008-09-30,15,17,37,50,51,24,
2008-10-04,2,6,27,32,63,9,4x
2008-10-08,1,3,13,44,67,8,2x
2008-10-13,1,16,30,49,50,19,
2008-10-17,22,23,24,26,35,26,
2008-10-20,10,28,36,47,63,2,10x
2008-10-23,11,25,28,45,48,4,10x
2008-10-27,19,40,46,52,64,21,2x
2008-11-01,3,12,23,30,63,23,
2008-11-04,33,36,38,62,65,23,10x
2008-11-07,3,4,28,35,62,10,
2008-11-10,11,23,24,24,56,9,4x
2008-11-15,22,45,47,60,65,23,4x
2008-11-20,4,6,32,34,49,7,4x
2008-11-24,11,26,45,50,58,13,2x
2008-11-27,22,30,41,50,53,9,
2008-12-01,7,28,38,45,58,7,5x
2008-12-04,7,32,32,45,45,3,10x
2008-12-07,21,36,37,47,61,20,
2008-12-10,17,17,39,40,47,23,
2008-12-13,2,36,41,43,56,13,
2008-12-18,4,6,10,19,59,21,5x
2008-12-21,6,16,34,42,63,9,3x
2008-12-25,2,4,40,62,69,18,3x
2008-12-30,12,15,17,34,38,8,4x
2009-01-04,8,21,45,63,67,25,5x
2009-01-07,1,20,29,51,69,2,
2009-01-10,2,28,55,56,67,8,10x
2009-01-15,2,17,33,41,58,17,10x
2009-01-18,31,46,57,58,68,1,10x
2009-01-23,6,26,38,43,65,12,
2009-01-27,33,38,51,58,67,14,3x
2009-01-31,9,18,37,62,67,7,10x
2009-02-05,25,31,35,39,62,20,
2009-02-08,6,29,29,33,40,10,
2009-02-11,31,34,40,40,44,23,
2009-02-16,3,8,24,42,67,22,4x
2009-02-19,20,21,31,35,40,23,
2009-02-24,2,17,36,58,66,6,3x
2009-02-28,20,22,37,39,64,14,5x
2009-03-05,16,25,40,40,50,3,4x
2009-03-09,1,16,27,47,58,13,5x
2009-03-13,4,11,14,16,16,1,
2009-03-16,2,24,42,53,65,14,3x
2009-03-20,4,26,37,40,49,6,10x
2009-03-23,2,11,18,19,50,7,
2009-03-28,2,25,32,64,65,1,3x
2009-04-01,3,6,25,37,62,24,10x
2009-04-06,3,47,60,65,66,26,
2009-04-09,28,33,36,52,68,6,4x
2009-04-12,27,36,41,59,65,15,
2009-04-15,23,25,30,33,44,13,2x
2009-04-18,3,4,4,60,69,17,
2009-04-22,27,29,39,53,59,5,4x
2009-04-26,11,28,33,39,50,11,5x
2009-04-30,6,13,17,49,57,4,
2009-05-03,16,23,34,42,54,26,4x
2009-05-08,16,41,46,46,67,10,5x
2009-05-11,52,59,61,62,64,22,
2009-05-14,20,46,51,66,69,20,2x
2009-05-19,21,27,41,57,67,24,5x
2009-05-24,1,4,11,32,45,22,4x
2009-05-29,2,20,28,61,64,7,
2009-06-01,1,46,58,66,69,17,5x
2009-06-06,21,31,39,48,56,13,5x
2009-06-11,11,24,25,42,43,23,
2009-06-15,7,12,22,43,49,19,
2009-06-20,23,32,36,42,67,18,2x
2009-06-23,10,23,48,65,67,2,2x
2009-06-27,7,19,58,67,69,6,3x
2009-06-30,18,26,36,45,55,21,5x
2009-07-05,12,13,20,33,41,22,
2009-07-10,8,10,57,65,66,9,4x
2009-07-13,18,33,45,47,52,10,
2009-07-18,6,7,45,56,57,13,3x
2009-07-22,14,22,24,57,60,20,
2009-07-25,9,10,41,44,47,22,5x
2009-07-30,32,34,44,51,68,22,
2009-08-04,2,18,20,22,35,6,10x
2009-08-07,8,23,35,51,61,1,5x
2009-08-10,11,29,35,55,64,6,4x
2009-08-13,7,16,17,23,44,22,10x
2009-08-18,2,18,26,31,58,12,
2009-08-21,11,27,31,35,42,18,4x
2009-08-24,13,13,20,55,68,21,4x
2009-08-29,15,17,18,21,43,8,2x
2009-09-03,8,46,59,62,66,2,3x
2009-09-06,5,11,16,18,65,23,3x
2009-09-11,1,19,20,21,27,16,
2009-09-15,8,23,26,46,67,4,
2009-09-19,15,41,49,55,65,5,
2009-09-24,13,15,41,50,53,23,
2009-09-28,5,11,22,32,62,22,
2009-10-02,7,21,23,65,66,14,
2009-10-05,5,30,52,66,69,19,2x
2009-10-08,1,2,13,27,40,13,3x
2009-10-13,22,27,31,44,59,26,5x
2009-10-18,14,48,52,64,68,1,10x
2009-10-21,7,15,28,37,55,16,4x
2009-10-26,5,16,32,33,42,11,
2009-10-29,9,15,39,53,57,15,5x
2009-11-01,27,28,34,41,47,1,
2009-11-05,3,13,17,57,68,5,3x
2009-11-10,14,28,41,61,61,2,
2009-11-14,11,28,37,60,67,18,
2009-11-17,15,20,21,43,48,14,2x
2009-11-21,4,8,19,20,29,6,5x
2009-11-25,2,13,32,41,61,2,
2009-11-29,16,21,41,46,65,8,2x
2009-12-04,14,36,46,58,60,2,5x
2009-12-08,11,14,15,46,54,5,2x
2009-12-12,3,31,38,41,60,23,4x
2009-12-15,1,2,44,51,59,18,10x
2009-12-19,1,3,17,20,28,3,
2009-12-23,7,26,34,39,49,14,
2009-12-26,7,20,26,28,38,16,
2009-12-31,5,24,27,36,42,25,4x
2010-01-05,14,20,51,57,63,6,
2010-01-08,12,34,49,51,66,16,4x
2010-01-11,8,13,45,51,66,21,
2010-01-14,6,13,19,27,54,6,10x
2010-01-19,2,21,36,56,64,2,4x
2010-01-22,5,7,43,61,67,14,
2010-01-26,15,33,34,48,53,24,
2010-01-31,5,11,12,46,49,18,2x
2010-02-04,20,24,42,54,68,8,2x
2010-02-07,13,29,37,58,59,18,
2010-02-11,10,22,29,43,47,15,5x
2010-02-16,3,19,25,38,45,13,
2010-02-21,5,12,15,31,66,10,2x
2010-02-24,14,22,23,33,35,1,5x
2010-02-27,8,29,44,46,50,22,4x
2010-03-03,11,24,40,46,52,23,
2010-03-06,23,27,27,31,55,15,
2010-03-09,11,11,18,48,60,10,
2010-03-14,8,20,23,54,56,15,
2010-03-18,1,15,24,35,67,17,
2010-03-21,43,47,55,55,69,17,
2010-03-25,21,29,45,55,64,14,
2010-03-29,3,29,32,61,65,18,3x
2010-04-02,4,25,25,33,67,24,5x
2010-04-05,26,32,35,53,66,11,4x
2010-04-09,6,11,16,44,44,16,10x
2010-04-12,1,26,39,47,48,4,
2010-04-16,11,25,44,51,68,2,3x
2010-04-20,24,29,34,36,60,14,
2010-04-24,14,27,28,40,45,4,10x
2010-04-29,15,38,42,52,65,10,10x
2010-05-02,19,23,28,32,54,19,
2010-05-05,9,16,21,57,62,20,2x
2010-05-09,9,12,35,45,57,13,10x
2010-05-12,5,6,23,37,47,14,3x
2010-05-16,8,23,31,43,61,5,4x
2010-05-20,11,40,48,55,65,16,10x
2010-05-24,14,16,35,52,54,21,
2010-05-27,34,35,39,46,61,18,3x
2010-05-30,19,24,29,44,64,11,5x
2010-06-04,5,34,54,56,59,10,
2010-06-09,17,29,46,52,59,18,3x
2010-06-14,21,28,33,34,65,7,4x
2010-06-18,55,58,65,68,69,21,
2010-06-22,2,9,41,52,61,25,
2010-06-27,27,41,51,64,64,26,3x
2010-06-30,10,10,15,27,56,7,5x
2010-07-03,8,24,44,59,69,20,
2010-07-07,2,8,12,15,21,20,3x
2010-07-11,1,44,63,65,65,6,5x
2010-07-14,16,25,29,58,58,23,
2010-07-17,4,7,21,32,39,20,
2010-07-21,5,6,6,39,54,26,10x
2010-07-24,20,43,50,50,64,26,
2010-07-29,8,14,21,36,47,7,3x
2010-08-03,12,24,27,51,51,4,
2010-08-06,9,38,43,61,66,16,3x
2010-08-09,19,34,39,44,63,12,3x
2010-08-12,2,6,61,63,65,11,
2010-08-16,15,24,25,25,29,3,2x
2010-08-21,16,20,42,49,60,26,
2010-08-26,17,27,34,59,67,1,3x
2010-08-29,6,10,41,45,59,7,10x
2010-09-02,17,28,33,49,60,12,10x
2010-09-06,9,25,45,68,68,21,4x
2010-09-11,19,22,33,42,51,8,
2010-09-15,11,21,37,57,59,22,10x
2010-09-20,17,19,24,48,53,21,4x
2010-09-24,1,6,46,57,63,10,
2010-09-28,13,22,23,25,62,13,
2010-10-03,14,18,21,30,47,7,2x
2010-10-06,11,30,34,54,61,2,10x
2010-10-10,3,6,9,20,44,22,10x
2010-10-15,1,3,16,29,54,11,2x
2010-10-19,12,39,54,63,64,9,10x
2010-10-22,1,30,35,58,59,22,5x
2010-10-25,6,18,20,39,46,20,
2010-10-29,8,18,32,32,34,26,2x
2010-11-01,5,35,46,65,68,7,
2010-11-06,7,9,38,58,64,1,
2010-11-10,16,21,27,40,53,13,4x
2010-11-13,14,17,23,31,51,16,
2010-11-16,15,37,40,41,62,15,5x
2010-11-19,10,11,14,30,43,25,
2010-11-23,9,16,27,53,57,14,
2010-11-27,23,32,40,50,62,6,4x
2010-12-01,6,28,28,32,44,5,4x
2010-12-05,6,21,40,45,62,13,5x
2010-12-10,3,8,20,28,36,22,2x
2010-12-13,8,22,55,60,68,10,3x
2010-12-16,12,30,35,38,53,24,
2010-12-20,16,28,40,46,63,24,
2010-12-23,32,35,38,43,69,18,4x
2010-12-27,9,18,46,55,62,25,4x
2010-12-31,14,24,29,58,66,26,4x
2011-01-05,1,8,13,13,47,16,
2011-01-08,13,24,36,56,63,24,4x
2011-01-12,14,20,50,51,59,15,3x
2011-01-15,5,10,18,52,61,17,
2011-01-18,32,35,37,56,61,5,4x
2011-01-21,39,42,55,61,65,15,5x
2011-01-26,4,7,20,45,68,21,
2011-01-29,3,10,26,27,46,26,5x
2011-02-02,2,3,9,37,52,23,10x
2011-02-05,37,38,44,56,63,10,
2011-02-08,33,36,54,66,68,23,2x
2011-02-13,5,6,32,35,40,22,2x
2011-02-18,2,16,28,41,64,16,3x
2011-02-21,6,13,15,24,28,13,3x
2011-02-25,28,38,50,50,69,22,
2011-03-02,5,8,14,34,51,1,5x
2011-03-07,4,16,26,34,38,14,5x
2011-03-10,4,7,25,27,27,16,3x
2011-03-13,13,17,23,27,36,21,
2011-03-18,16,30,48,54,68,1,
2011-03-21,4,16,31,50,61,7,3x
2011-03-26,28,31,42,49,61,8,2x
2011-03-29,16,24,27,41,69,2,
2011-04-03,21,25,27,29,46,20,3x
2011-04-08,12,17,45,46,67,19,
2011-04-12,14,18,58,59,64,14,
2011-04-17,3,23,32,40,46,20,
2011-04-20,4,13,33,57,66,6,4x
2011-04-24,17,23,55,55,62,24,4x
2011-04-27,28,41,44,59,69,11,
2011-05-02,16,36,43,48,62,16,4x
2011-05-07,1,1,5,46,55,10,
2011-05-11,17,35,38,55,58,5,
2011-05-16,9,12,23,52,52,23,3x
2011-05-20,27,33,42,45,51,5,
2011-05-25,23,26,49,50,56,13,
2011-05-30,5,7,23,24,66,21,4x
2011-06-02,8,30,32,51,66,4,
2011-06-06,2,24,32,50,54,25,
2011-06-11,9,36,58,59,66,20,4x
2011-06-16,16,29,38,38,44,5,10x
2011-06-20,21,33,55,69,69,3,
2011-06-23,4,50,58,58,65,10,
2011-06-28,14,27,48,50,56,12,5x
2011-07-01,10,23,46,49,65,26,4x
2011-07-06,41,46,48,62,69,16,4x
2011-07-09,12,13,25,40,60,13,2x
2011-07-13,10,21,22,28,47,19,
2011-07-18,3,13,18,33,66,2,
2011-07-21,19,31,32,39,61,13,2x
2011-07-26,1,2,16,28,48,10,
2011-07-31,15,18,34,47,51,8,
2011-08-03,22,23,30,38,41,17,
2011-08-06,19,37,43,68,69,14,3x
2011-08-09,11,17,42,52,54,6,
2011-08-13,3,7,26,28,31,5,
2011-08-16,20,27,30,44,47,23,
2011-08-21,25,46,51,53,65,15,10x
2011-08-26,1,8,52,58,68,7,2x
2011-08-30,3,10,16,19,23,2,4x
2011-09-03,7,41,46,59,61,9,5x
2011-09-08,2,3,38,39,40,8,3x
2011-09-12,7,22,35,45,66,17,
2011-09-15,11,15,56,60,61,20,5x
2011-09-18,8,12,29,39,44,12,
2011-09-23,11,19,33,60,66,13,3x
2011-09-28,3,3,9,41,69,19,2x
2011-10-03,14,23,50,51,67,17,4x
2011-10-07,17,27,30,56,64,10,5x
2011-10-10,26,30,35,64,69,6,
2011-10-14,12,22,31,61,66,26,2x
2011-10-17,6,17,38,40,63,11,2x
2011-10-20,13,15,21,34,63,14,10x
2011-10-23,6,18,42,45,67,6,2x
2011-10-26,19,20,23,26,59,13,5x
2011-10-29,4,18,54,55,66,3,10x
2011-11-02,4,6,16,18,57,9,10x
2011-11-05,7,9,17,41,68,4,5x
2011-11-08,24,54,57,61,66,10,3x
2011-11-13,11,29,37,60,63,4,4x
2011-11-17,1,7,26,39,66,25,10x
2011-11-22,14,34,45,61,62,26,3x
2011-11-25,6,18,22,37,42,22,3x
2011-11-29,46,64,67,69,69,7,2x
2011-12-02,3,9,24,27,51,14,5x
2011-12-06,27,29,38,40,59,18,
2011-12-11,4,24,32,38,67,4,
2011-12-14,13,19,21,51,62,12,10x
2011-12-17,17,25,47,47,54,19,
2011-12-21,23,27,52,63,67,22,3x
2011-12-24,15,17,18,28,45,21,4x
2011-12-28,27,32,34,41,51,5,4x
2011-12-31,8,33,47,51,60,10,10x
2012-01-05,1,15,29,61,65,1,3x
2012-01-09,13,29,54,64,68,16,10x
2012-01-14,6,8,11,49,52,17,3x
2012-01-18,4,14,14,37,50,18,
2012-01-22,3,18,22,25,47,9,3x
2012-01-25,10,12,13,28,56,3,5x
2012-01-28,3,33,56,58,59,11,2x
2012-02-01,10,19,25,55,64,16,
2012-02-05,9,23,30,59,65,17,
2012-02-08,17,33,35,51,68,25,
2012-02-13,5,14,37,55,60,9,
2012-02-18,1,9,27,39,43,1,2x
2012-02-21,1,7,34,59,69,18,
2012-02-24,1,3,25,40,44,13,
2012-02-27,3,16,28,63,66,21,5x
2012-03-02,2,37,39,40,58,13,5x
2012-03-06,19,25,32,43,68,21,2x
2012-03-11,7,10,50,56,59,6,4x
2012-03-14,3,35,50,58,65,3,3x
2012-03-17,15,30,39,51,53,21,5x
2012-03-22,5,16,29,35,40,8,
2012-03-26,3,14,56,57,60,5,
2012-03-29,30,31,51,55,69,1,
2012-04-02,4,5,30,42,53,20,
2012-04-07,1,4,31,34,64,14,5x
2012-04-10,4,18,31,37,60,26,4x
2012-04-14,1,23,30,51,59,12,
2012-04-18,4,13,30,40,50,16,5x
2012-04-22,4,7,56,58,67,3,2x
2012-04-27,6,48,48,66,67,25,
2012-05-02,10,17,23,30,55,16,
2012-05-05,26,39,44,53,58,22,
2012-05-09,8,23,28,29,51,7,5x
2012-05-13,12,18,19,56,61,11,
2012-05-16,17,34,58,64,65,2,4x
2012-05-21,14,17,44,57,63,2,5x
2012-05-24,10,25,46,50,67,13,2x
2012-05-27,7,13,24,51,59,10,2x
2012-05-31,1,3,5,19,65,25,
2012-06-04,10,21,41,49,63,26,2x
2012-06-09,1,4,14,19,51,19,5x
2012-06-12,8,23,33,37,45,1,2x
2012-06-15,4,6,12,33,51,23,3x
2012-06-18,3,15,22,24,43,17,2x
2012-06-23,10,23,43,65,67,5,3x
2012-06-28,3,3,36,62,67,2,
2012-07-03,4,25,34,45,49,19,5x
2012-07-06,1,37,56,58,58,2,2x
2012-07-09,14,34,37,54,63,5,
2012-07-14,11,56,59,62,62,20,
2012-07-18,13,36,37,61,68,14,2x
2012-07-22,1,4,37,38,47,2,2x
2012-07-26,5,15,31,33,41,15,
2012-07-30,1,10,25,29,31,9,2x
2012-08-04,10,33,42,42,58,14,10x
2012-08-08,3,8,16,21,36,21,10x
2012-08-12,17,28,41,43,61,9,
2012-08-16,18,26,47,50,65,11,10x
2012-08-21,32,33,44,56,66,15,2x
2012-08-25,14,16,42,44,61,17,4x
2012-08-30,1,27,31,33,56,4,4x
2012-09-02,13,36,40,42,45,5,2x
2012-09-05,13,14,25,55,56,26,5x
2012-09-09,43,43,43,49,60,4,10x
2012-09-12,3,8,9,22,48,8,
2012-09-15,23,36,37,67,69,4,4x
2012-09-19,3,24,25,55,67,5,
2012-09-22,4,7,11,17,19,9,10x
2012-09-25,20,28,38,41,42,20,
2012-09-30,43,52,58,66,66,18,2x
2012-10-04,1,10,10,18,31,9,10x
2012-10-08,4,27,54,59,66,9,
2012-10-11,4,25,25,38,65,5,
2012-10-15,18,32,34,49,64,4,4x
2012-10-18,21,29,57,62,63,14,5x
2012-10-23,18,20,33,47,68,23,
2012-10-28,10,48,62,63,68,25,
2012-11-01,12,34,36,45,46,6,
2012-11-05,12,15,38,41,69,11,10x
2012-11-08,22,24,36,56,66,1,
2012-11-11,5,49,50,55,61,9,3x
2012-11-16,1,36,61,66,69,4,4x
2012-11-19,10,18,19,55,65,10,5x
2012-11-23,8,15,26,28,33,20,2x
2012-11-28,36,41,43,59,66,24,
2012-12-02,11,16,26,34,52,14,10x
2012-12-05,16,19,20,25,38,12,
2012-12-08,12,13,16,19,67,7,5x
2012-12-11,6,14,18,25,39,17,10x
2012-12-16,2,3,5,31,67,23,2x
2012-12-21,2,30,31,36,38,18,
2012-12-24,15,51,54,62,63,26,5x
2012-12-28,3,4,7,24,49,4,
2012-12-31,7,31,38,38,58,15,3x
2013-01-03,8,17,54,54,55,9,5x
2013-01-08,15,27,27,54,69,3,
2013-01-12,8,18,29,33,52,23,
2013-01-15,3,17,36,46,64,19,3x
2013-01-20,9,19,29,30,62,11,3x
2013-01-25,7,41,46,47,64,22,10x
2013-01-28,5,6,22,30,46,6,
2013-01-31,4,24,32,36,57,20,
2013-02-03,1,20,49,58,60,17,10x
2013-02-07,9,20,25,40,66,23,
2013-02-10,26,54,55,57,57,15,
2013-02-13,3,12,41,42,65,10,3x
2013-02-17,4,21,30,58,63,20,3x
2013-02-22,6,15,28,49,62,9,
2013-02-25,2,10,18,44,59,7,4x
2013-03-01,2,10,23,39,54,14,10x
2013-03-04,22,30,31,53,69,9,3x
2013-03-07,17,18,33,43,69,6,4x
2013-03-11,32,34,37,61,69,12,4x
2013-03-16,2,10,18,34,64,1,5x
2013-03-21,11,19,27,51,65,14,5x
2013-03-25,7,18,22,34,64,24,3x
2013-03-30,36,51,53,55,56,23,2x
2013-04-04,13,13,24,38,55,12,
2013-04-07,3,5,6,21,30,2,3x
2013-04-10,12,38,39,43,66,22,3x
2013-04-15,36,41,45,50,66,23,
2013-04-18,8,12,34,37,50,1,3x
2013-04-23,3,9,16,29,41,14,5x
2013-04-26,3,18,38,41,69,17,
2013-04-30,7,10,18,33,62,9,10x
2013-05-05,2,11,45,48,48,7,
2013-05-08,7,22,33,47,62,11,10x
2013-05-13,3,11,16,22,46,23,10x
2013-05-17,18,44,44,45,51,5,3x
2013-05-22,15,22,26,34,58,1,4x
2013-05-25,13,43,49,54,58,11,
2013-05-30,24,28,42,51,67,26,4x
2013-06-03,33,36,37,49,62,25,4x
2013-06-07,28,53,59,61,69,2,
2013-06-12,7,17,26,35,38,8,
2013-06-17,2,9,33,45,69,22,
2013-06-20,4,43,54,57,65,15,4x
2013-06-25,23,44,54,59,61,4,
2013-06-30,7,31,33,37,66,1,
2013-07-03,16,25,40,42,54,5,3x
2013-07-06,4,34,40,58,63,18,
2013-07-11,10,22,24,30,52,12,
2013-07-16,8,18,31,51,68,10,
2013-07-20,46,48,49,58,63,22,
2013-07-23,31,34,37,54,63,22,
2013-07-27,14,16,58,62,69,10,5x
2013-08-01,5,19,34,46,54,10,
2013-08-06,26,44,55,59,65,20,4x
2013-08-09,6,39,40,45,59,18,2x
2013-08-12,2,3,17,36,42,21,2x
2013-08-16,31,45,53,60,64,6,2x
2013-08-19,1,11,13,35,58,20,
2013-08-23,16,28,44,47,62,6,4x
2013-08-26,7,8,19,23,45,19,4x
2013-08-29,29,31,33,66,67,8,
2013-09-01,2,7,25,44,62,23,3x
2013-09-06,6,27,57,58,59,24,
2013-09-09,4,18,38,63,66,14,
2013-09-13,9,19,22,28,43,14,2x
2013-09-18,5,35,36,40,41,17,10x
2013-09-23,21,45,49,53,55,1,
2013-09-28,13,14,18,41,52,11,
2013-10-01,17,26,33,56,67,13,4x
2013-10-05,3,16,24,34,48,16,
2013-10-08,6,9,30,32,36,25,4x
2013-10-13,6,9,36,55,55,18,2x
2013-10-18,1,3,15,19,65,21,
2013-10-22,20,28,32,44,63,15,3x
2013-10-27,16,25,39,42,66,7,
2013-11-01,2,23,32,41,50,5,
2013-11-04,22,29,53,63,67,23,3x
2013-11-09,27,40,45,58,61,12,3x
2013-11-14,10,33,34,65,69,19,4x
2013-11-18,39,57,57,58,69,2,
2013-11-21,24,31,32,58,68,1,5x
2013-11-26,2,9,40,41,48,21,
2013-11-29,6,8,11,12,25,19,
2013-12-03,16,31,34,36,64,8,4x
2013-12-08,10,15,16,54,56,11,5x
2013-12-12,5,10,38,39,64,18,4x
2013-12-15,5,20,36,47,61,21,2x
2013-12-18,8,33,38,43,68,23,10x
2013-12-23,17,28,41,55,68,16,5x
2013-12-27,8,28,35,51,68,23,10x
2014-01-01,7,30,49,53,62,2,10x
2014-01-05,13,20,29,37,58,5,4x
2014-01-09,10,18,41,48,59,18,4x
2014-01-13,4,6,50,54,69,14,3x
2014-01-18,23,35,45,48,50,9,
2014-01-21,9,15,23,42,45,3,4x
2014-01-26,2,26,33,37,60,21,5x
2014-01-29,19,36,43,50,53,8,10x
2014-02-02,6,34,42,62,65,20,3x
2014-02-07,9,22,39,47,59,4,4x
2014-02-12,14,21,43,45,60,21,
2014-02-15,14,23,34,62,67,17,
2014-02-19,9,10,27,49,62,13,
2014-02-24,23,24,27,52,53,20,
2014-02-27,9,15,17,21,64,15,2x
2014-03-02,11,15,19,49,54,11,
2014-03-06,25,29,62,63,63,16,4x
2014-03-10,5,10,17,34,41,23,
2014-03-15,5,14,42,43,69,2,4x
2014-03-19,17,18,26,40,41,2,10x
2014-03-22,9,19,28,55,59,8,4x
2014-03-25,3,4,13,23,53,26,
2014-03-29,24,30,43,57,68,1,
2014-04-02,25,52,61,66,69,3,
2014-04-05,25,42,50,54,69,26,
2014-04-10,29,35,48,48,65,6,
2014-04-15,2,20,20,56,66,12,
2014-04-20,14,22,27,47,51,25,
2014-04-23,5,30,33,52,55,14,10x
2014-04-27,4,10,23,53,55,12,5x
2014-05-02,2,4,4,45,52,12,
2014-05-07,6,8,28,52,61,16,5x
2014-05-10,2,9,14,23,59,26,3x
2014-05-15,12,15,21,38,52,7,5x
2014-05-19,19,32,44,58,64,19,10x
2014-05-24,9,30,35,45,48,20,5x
2014-05-27,3,9,19,26,27,2,3x
2014-05-30,37,40,50,54,67,26,4x
2014-06-04,9,46,51,61,67,3,
2014-06-08,15,42,48,49,61,9,
2014-06-13,10,31,39,42,54,21,3x
2014-06-16,19,26,48,56,61,13,
2014-06-20,29,29,36,46,56,18,2x
2014-06-24,5,11,12,20,44,23,
2014-06-27,2,2,32,35,45,20,2x
2014-07-02,1,5,7,18,43,20,4x
2014-07-07,4,13,40,55,66,22,4x
2014-07-10,44,47,57,62,69,10,2x
2014-07-13,7,23,31,50,66,5,2x
2014-07-18,28,31,42,58,59,8,
2014-07-22,2,38,58,66,68,21,
2014-07-27,7,25,38,57,58,11,3x
2014-08-01,15,16,47,56,58,15,2x
2014-08-06,12,23,35,48,64,21,2x
2014-08-10,3,16,22,54,68,17,3x
2014-08-13,10,22,35,61,68,13,10x
2014-08-16,9,11,18,24,35,8,10x
2014-08-21,7,10,11,14,43,11,5x
2014-08-25,13,32,40,47,69,14,10x
2014-08-28,7,13,13,36,66,23,5x
2014-09-02,1,28,33,46,52,9,4x
2014-09-07,1,12,16,18,31,18,4x
2014-09-12,18,18,18,30,41,4,2x
2014-09-17,4,38,39,42,45,12,4x
2014-09-20,9,13,46,62,62,24,3x
2014-09-24,12,38,40,55,55,25,10x
2014-09-28,18,51,54,59,59,20,
2014-10-02,19,44,50,58,67,9,2x
2014-10-05,18,43,44,59,61,15,
2014-10-08,8,38,46,54,67,7,2x
2014-10-13,8,17,22,23,60,18,4x
2014-10-16,24,29,34,39,53,21,
2014-10-20,4,10,20,45,67,1,
2014-10-25,7,15,24,47,68,8,10x
2014-10-29,10,28,38,42,57,2,4x
2014-11-02,9,30,37,39,67,5,
2014-11-05,10,14,31,45,56,3,5x
2014-11-08,1,18,42,50,63,22,4x
2014-11-12,2,10,28,30,52,19,5x
2014-11-17,12,13,16,22,58,26,2x
2014-11-22,5,23,33,45,56,25,3x
2014-11-27,1,7,8,44,66,26,4x
2014-12-01,6,26,37,45,66,9,
2014-12-06,1,23,32,47,68,11,
2014-12-11,3,32,36,42,43,5,4x
2014-12-16,9,10,53,54,55,26,3x
2014-12-19,9,17,28,31,50,10,
2014-12-24,11,33,47,50,67,25,
2014-12-29,25,26,30,59,65,14,
2015-01-01,10,28,41,48,67,5,
2015-01-04,5,5,39,40,45,20,4x
2015-01-07,13,24,39,47,54,17,2x
2015-01-12,22,30,32,35,51,15,2x
2015-01-16,8,35,42,45,52,16,2x
2015-01-20,21,37,44,50,54,1,2x
2015-01-24,14,23,24,24,33,5,5x
2015-01-29,33,34,47,54,68,20,
2015-02-03,5,21,31,55,68,6,2x
2015-02-06,9,31,33,40,60,1,3x
2015-02-11,2,13,28,38,66,20,5x
2015-02-14,24,32,36,50,52,8,5x
2015-02-19,16,21,43,51,64,22,10x
2015-02-24,17,19,52,54,68,7,
2015-02-28,1,1,3,12,63,17,4x
2015-03-04,9,27,32,32,54,4,5x
2015-03-09,3,6,8,49,69,9,2x
2015-03-13,3,17,24,25,42,20,3x
2015-03-18,10,33,34,39,41,14,
2015-03-22,4,24,47,48,61,17,2x
2015-03-26,22,23,43,47,50,9,5x
2015-03-29,10,20,36,57,58,3,5x
2015-04-03,25,51,61,64,67,10,3x
2015-04-07,8,11,16,17,47,3,3x
2015-04-10,10,29,45,45,54,23,10x
2015-04-15,26,31,32,50,52,7,2x
2015-04-18,13,14,34,48,58,16,
2015-04-21,1,5,22,52,53,8,
2015-04-26,20,30,33,36,47,7,
2015-04-30,24,27,36,37,37,22,10x
2015-05-03,3,28,46,55,61,16,4x
2015-05-07,3,15,36,44,69,4,
2015-05-11,19,37,55,56,57,18,
2015-05-16,7,8,28,29,60,16,
2015-05-19,2,7,26,54,65,9,
2015-05-24,40,42,42,47,55,8,
2015-05-28,8,14,34,43,55,1,10x
2015-05-31,39,43,45,48,61,11,10x
2015-06-05,18,31,36,51,64,10,
2015-06-08,8,24,49,55,56,18,
2015-06-12,13,39,43,67,68,23,
2015-06-15,4,12,12,15,16,19,3x
2015-06-19,19,21,26,56,69,22,
2015-06-23,3,21,47,53,57,13,
2015-06-26,7,11,54,63,68,24,3x
2015-06-29,2,11,18,39,52,13,
2015-07-04,13,37,39,54,64,18,
2015-07-08,43,57,58,62,65,19,
2015-07-11,7,17,28,38,44,19,
2015-07-14,2,9,21,66,68,26,2x
2015-07-17,26,26,30,38,62,10,3x
2015-07-22,5,10,20,29,41,4,
2015-07-27,5,6,21,62,63,24,5x
2015-07-30,3,37,38,52,65,24,4x
2015-08-02,35,48,55,56,63,2,4x
2015-08-05,29,32,63,64,67,13,4x
2015-08-08,4,21,31,45,63,15,5x
2015-08-13,13,31,35,38,53,1,4x
2015-08-17,13,19,26,32,60,20,3x
2015-08-20,1,3,4,44,48,5,10x
2015-08-24,8,11,42,58,63,20,10x
2015-08-27,1,15,25,39,44,11,4x
2015-09-01,2,28,52,57,66,4,
2015-09-05,25,30,32,46,49,25,10x
2015-09-09,19,23,44,57,60,10,
2015-09-14,12,12,13,31,53,11,
2015-09-19,4,53,55,55,60,8,10x
2015-09-23,15,29,44,45,58,12,2x
2015-09-27,11,33,36,51,59,6,4x
2015-09-30,33,37,42,53,68,6,4x
2015-10-04,36,41,47,47,56,25,2x
2015-10-08,31,45,47,53,68,9,2x
2015-10-12,9,24,25,26,39,21,4x
2015-10-17,10,39,39,55,57,24,5x
2015-10-20,4,9,38,56,64,10,
2015-10-25,2,45,50,61,64,24,2x
2015-10-28,33,40,53,54,63,23,4x
2015-11-01,7,17,24,36,63,18,3x
2015-11-05,10,16,17,22,24,11,10x
2015-11-08,3,29,35,59,67,12,3x
2015-11-13,16,22,24,37,52,17,
2015-11-18,4,30,41,55,62,21,4x
2015-11-22,20,33,39,57,61,18,10x
2015-11-26,3,16,33,52,64,22,5x
2015-11-29,14,18,49,58,58,4,4x
2015-12-04,19,26,54,60,65,14,5x
2015-12-08,8,23,36,45,64,18,3x
2015-12-13,14,22,36,45,66,2,5x
2015-12-18,32,32,47,66,67,20,
2015-12-22,8,23,32,42,69,5,2x
2015-12-26,2,16,43,45,47,2,
2015-12-30,4,21,24,44,55,4,3x
2016-01-04,16,27,48,51,61,1,4x
2016-01-07,18,27,43,45,69,18,
2016-01-12,15,23,34,41,67,4,2x
2016-01-17,10,12,21,51,54,10,
2016-01-22,16,26,26,35,49,11,
2016-01-26,31,33,45,66,68,18,10x
2016-01-30,2,6,23,39,50,5,
2016-02-03,5,12,19,25,39,25,
2016-02-07,2,36,36,38,46,23,5x
2016-02-12,5,25,33,48,61,16,2x
2016-02-15,17,22,24,58,61,2,4x
2016-02-19,1,7,7,19,32,18,
2016-02-23,35,58,59,63,67,26,2x
2016-02-27,12,12,13,35,41,20,3x
2016-03-02,9,22,34,42,56,17,2x
2016-03-06,4,19,27,37,52,2,5x
2016-03-10,3,5,21,36,50,13,10x
2016-03-13,31,35,37,62,63,22,
2016-03-17,6,10,45,54,68,25,4x
2016-03-20,10,18,30,49,67,18,5x
2016-03-23,4,12,14,28,48,20,
2016-03-28,13,15,16,16,35,13,2x
2016-04-02,7,13,22,30,49,11,
2016-04-05,9,12,46,50,58,5,10x
2016-04-10,6,23,34,36,54,1,
2016-04-13,2,23,25,34,42,9,
2016-04-18,22,34,41,51,60,2,3x
2016-04-22,8,19,29,65,68,10,
2016-04-25,18,39,44,46,68,6,4x
2016-04-28,13,21,42,42,62,11,
2016-05-01,3,14,29,31,60,18,3x
2016-05-05,2,5,28,59,66,22,
2016-05-10,15,17,36,39,60,19,10x
2016-05-15,24,26,32,41,64,15,3x
2016-05-18,10,28,29,39,44,21,3x
2016-05-23,19,23,39,45,47,19,10x
2016-05-28,10,26,39,52,69,25,5x
2016-06-01,15,35,59,60,68,16,3x
2016-06-06,23,24,33,35,49,23,5x
2016-06-11,5,40,46,54,56,3,3x
2016-06-14,20,37,43,62,69,17,2x
2016-06-17,9,15,39,56,67,26,4x
2016-06-21,2,4,6,66,69,25,3x
2016-06-24,8,9,14,20,66,23,10x
2016-06-28,4,7,11,25,28,13,5x
2016-07-03,7,14,33,48,66,6,5x
2016-07-07,8,12,46,48,62,15,
2016-07-12,5,12,39,40,56,7,
2016-07-16,12,18,30,39,52,9,3x
2016-07-21,5,33,34,42,50,23,5x
2016-07-24,10,12,21,37,39,1,
2016-07-29,5,37,45,57,63,21,10x
2016-08-02,10,16,24,27,36,19,
2016-08-07,14,22,45,57,68,20,
2016-08-12,11,42,46,46,58,26,4x
2016-08-15,2,2,32,33,39,23,
2016-08-20,9,13,28,53,62,20,10x
2016-08-24,35,44,52,62,63,21,
2016-08-27,2,17,33,34,64,14,5x
2016-08-30,2,4,46,48,57,21,
2016-09-04,2,14,20,53,60,18,
2016-09-09,8,10,19,43,60,14,2x
2016-09-12,6,8,11,21,45,4,3x
2016-09-15,3,12,15,24,39,6,2x
2016-09-20,1,3,13,24,39,1,5x
2016-09-23,6,9,39,46,69,25,4x
2016-09-27,11,14,26,30,45,12,
2016-09-30,4,34,41,61,62,16,3x
2016-10-03,25,52,57,67,68,24,10x
2016-10-06,3,12,25,32,57,23,4x
2016-10-10,6,7,34,54,69,3,3x
2016-10-13,18,24,34,42,43,22,
2016-10-18,10,17,40,44,46,25,
2016-10-21,10,10,31,38,59,6,5x
2016-10-25,3,23,28,48,65,5,
2016-10-28,4,7,37,42,63,25,5x
2016-11-02,7,7,12,23,24,1,10x
2016-11-05,9,17,50,53,61,6,5x
2016-11-08,1,14,52,62,65,11,5x
2016-11-13,30,38,54,58,62,7,4x
2016-11-17,22,23,51,62,64,15,
2016-11-21,4,5,20,22,69,2,
2016-11-25,17,40,41,49,64,19,
2016-11-28,5,43,43,63,68,18,
2016-12-02,14,22,23,31,69,22,10x
2016-12-05,23,43,53,67,69,7,
2016-12-10,7,43,62,63,66,2,10x
2016-12-15,28,35,58,61,68,8,
2016-12-19,13,15,42,45,54,22,2x
2016-12-23,23,33,35,44,60,7,4x
2016-12-26,12,16,25,29,53,5,
2016-12-29,21,42,50,54,68,7,2x
2017-01-01,21,40,65,67,69,8,3x
2017-01-05,2,3,41,46,46,8,3x
2017-01-08,23,36,53,63,68,14,
2017-01-12,11,36,55,66,66,10,4x
2017-01-15,3,17,52,64,65,1,
2017-01-19,17,32,33,51,69,15,2x
2017-01-22,3,6,9,28,34,10,4x
2017-01-27,5,20,42,51,59,20,
2017-01-30,6,38,42,54,63,11,3x
2017-02-02,10,21,40,47,55,14,4x
2017-02-05,12,15,16,17,63,15,3x
2017-02-09,4,23,37,63,69,5,5x
2017-02-13,44,59,60,60,69,23,
2017-02-17,19,32,41,59,67,18,
2017-02-20,10,11,46,57,66,8,2x
2017-02-25,2,7,49,50,55,26,3x
2017-03-02,8,13,21,27,59,20,4x
2017-03-06,3,29,42,52,62,6,5x
2017-03-11,3,41,46,55,60,12,10x
2017-03-14,2,8,16,25,35,22,
2017-03-17,3,33,42,62,69,6,10x
2017-03-21,8,10,40,55,60,7,5x
2017-03-25,18,26,43,50,65,26,
2017-03-29,9,10,47,49,69,3,2x
2017-04-02,29,40,54,55,64,6,
2017-04-07,8,38,48,50,52,15,
2017-04-11,1,8,52,58,60,26,2x
2017-04-16,10,13,17,47,48,18,
2017-04-20,19,45,48,49,51,17,2x
2017-04-24,1,12,23,45,57,20,2x
2017-04-28,7,11,21,24,64,7,10x
2017-05-01,3,36,41,45,63,16,
2017-05-05,3,31,58,64,68,1,
2017-05-10,4,15,18,20,53,25,
2017-05-14,8,10,14,22,48,2,5x
2017-05-17,9,38,47,51,69,22,
2017-05-22,11,21,51,58,64,22,
2017-05-27,23,36,44,53,65,18,10x
2017-05-30,19,34,38,44,55,15,10x
2017-06-02,45,54,61,62,68,23,10x
2017-06-07,7,10,34,47,68,21,4x
2017-06-11,8,9,32,41,69,12,
2017-06-14,28,34,45,62,68,7,2x
2017-06-17,7,35,50,56,66,11,4x
2017-06-21,5,5,13,27,56,20,4x
2017-06-25,30,31,48,52,69,4,10x
2017-06-29,13,28,29,40,62,13,
2017-07-02,13,27,27,31,61,9,3x
2017-07-07,8,16,25,47,65,26,10x
2017-07-10,5,12,26,32,46,26,4x
2017-07-13,4,5,25,30,36,15,
2017-07-16,7,8,10,44,45,26,4x
2017-07-19,1,19,44,60,67,17,2x
2017-07-23,15,30,36,42,48,17,
2017-07-28,3,6,12,50,63,7,
2017-08-01,3,4,12,29,55,19,
2017-08-06,23,39,47,49,56,21,10x
2017-08-10,5,16,16,25,33,6,
2017-08-14,4,26,30,33,61,13,
2017-08-18,32,34,36,49,65,18,
2017-08-21,22,35,43,53,63,22,10x
2017-08-25,29,33,57,64,68,21,3x
2017-08-28,14,19,36,39,68,8,10x
2017-08-31,5,13,30,38,54,23,3x
2017-09-03,21,32,37,38,46,25,
2017-09-06,10,29,43,52,55,26,
2017-09-10,17,24,24,36,43,9,2x
2017-09-13,6,26,35,40,65,15,
2017-09-16,11,29,30,32,61,17,2x
2017-09-20,2,4,12,16,49,9,
2017-09-25,23,31,42,47,48,24,
2017-09-28,10,19,23,30,51,10,4x
2017-10-03,9,22,29,43,58,7,10x
2017-10-06,16,31,56,63,67,22,
2017-10-10,3,12,15,27,64,17,3x
2017-10-15,20,21,29,48,55,15,2x
2017-10-18,18,32,56,59,62,14,
2017-10-22,23,25,50,60,63,6,
2017-10-26,4,9,26,33,56,5,
2017-10-29,1,5,8,35,43,17,
2017-11-01,1,5,6,33,63,23,
2017-11-05,1,5,17,18,48,14,4x
2017-11-08,28,36,55,56,67,20,10x
2017-11-13,7,17,18,31,44,24,5x
2017-11-17,16,16,23,25,56,7,10x
2017-11-21,11,22,27,36,65,12,
2017-11-24,6,22,28,53,54,9,3x
2017-11-28,15,38,49,52,56,3,2x
2017-12-01,9,9,14,55,65,1,
2017-12-06,2,36,44,46,66,1,10x
2017-12-09,29,49,60,67,68,9,
2017-12-13,5,36,37,38,40,11,3x
2017-12-18,17,29,42,64,65,22,3x
2017-12-21,11,19,28,41,65,12,4x
2017-12-25,3,30,38,46,60,17,5x
2017-12-29,10,50,57,62,64,8,3x
2018-01-01,23,28,39,40,66,7,4x
2018-01-05,6,20,30,35,44,20,
2018-01-09,8,14,19,36,49,14,3x
2018-01-14,15,24,29,53,59,24,
2018-01-19,10,14,49,54,67,6,4x
2018-01-23,13,34,45,54,69,15,10x
2018-01-28,27,34,48,50,56,26,3x
2018-02-01,3,19,31,43,48,20,4x
2018-02-06,2,7,22,23,25,22,4x
2018-02-11,4,16,31,54,61,7,
2018-02-15,3,8,24,42,63,22,10x
2018-02-20,17,30,52,56,67,25,2x
2018-02-23,8,26,32,35,53,23,5x
2018-02-27,20,40,43,56,57,1,10x
2018-03-03,1,12,40,59,60,10,
2018-03-06,7,14,22,39,55,19,5x
2018-03-11,8,32,37,48,62,25,
2018-03-14,13,28,34,50,68,25,4x
2018-03-19,16,38,40,55,62,17,4x
2018-03-22,14,15,37,38,39,26,2x
2018-03-27,5,8,29,33,58,4,
2018-03-31,17,44,44,46,61,25,
2018-04-05,13,32,41,48,62,7,10x
2018-04-08,34,38,44,63,66,26,
2018-04-12,3,33,36,53,55,1,
2018-04-16,37,40,41,49,57,11,10x
2018-04-19,4,12,41,42,51,7,
2018-04-24,7,8,29,31,55,10,3x
2018-04-28,5,22,26,44,54,16,
2018-05-03,9,10,21,24,64,14,
2018-05-06,8,16,30,36,37,22,10x
2018-05-11,5,27,28,56,60,13,4x
2018-05-15,4,25,27,36,44,2,3x
2018-05-19,3,5,36,41,44,2,10x
2018-05-23,9,46,66,68,69,9,
2018-05-27,8,20,25,25,37,6,
2018-05-30,4,5,14,41,41,20,2x
2018-06-04,3,12,19,20,50,11,5x
2018-06-08,5,26,26,29,30,3,
2018-06-11,21,27,44,48,52,19,2x
2018-06-14,25,25,35,38,67,23,
2018-06-17,15,22,24,39,60,17,
2018-06-22,1,40,51,62,67,17,
2018-06-25,22,38,39,45,55,5,10x
2018-06-30,15,21,42,46,59,5,
2018-07-04,18,50,53,57,68,20,3x
2018-07-09,6,31,44,63,69,14,
2018-07-13,12,13,28,31,66,16,
2018-07-18,3,16,35,40,55,1,10x
2018-07-23,2,7,14,29,32,18,
2018-07-28,4,6,12,16,52,21,2x
2018-07-31,16,24,29,44,52,24,5x
2018-08-04,18,31,31,41,65,3,3x
2018-08-08,6,32,32,40,62,14,
2018-08-13,11,31,32,33,58,17,5x
2018-08-16,2,2,26,38,46,21,10x
2018-08-19,5,25,31,51,53,9,4x
2018-08-22,8,17,18,43,43,11,3x
2018-08-25,19,26,28,43,46,17,
2018-08-30,4,19,24,33,66,6,
2018-09-02,8,36,38,45,61,5,4x
2018-09-06,10,26,47,49,67,26,
2018-09-10,1,45,47,50,52,6,
2018-09-15,10,20,21,26,56,13,4x
2018-09-18,5,15,27,66,67,19,10x
2018-09-21,5,20,56,56,67,13,4x
2018-09-26,30,35,50,58,69,9,10x
2018-10-01,28,32,38,61,68,11,
2018-10-05,9,14,23,47,51,15,5x
2018-10-10,10,20,29,33,41,9,
2018-10-15,5,29,36,46,62,10,2x
2018-10-19,40,53,55,56,61,22,
2018-10-24,29,35,38,38,43,21,10x
2018-10-29,1,3,42,42,56,21,
2018-11-02,7,20,29,48,66,14,
2018-11-07,4,10,13,39,41,2,3x
2018-11-10,35,38,45,63,64,20,
2018-11-14,17,25,30,53,57,11,
2018-11-19,6,18,18,28,42,4,
2018-11-24,5,34,44,55,60,18,10x
2018-11-27,13,17,54,54,58,13,
2018-12-02,4,6,16,31,66,23,4x
2018-12-06,1,11,14,42,52,11,5x
2018-12-10,8,22,47,62,68,6,2x
2018-12-14,20,30,48,50,62,16,
2018-12-18,19,25,25,30,57,7,4x
2018-12-23,10,13,30,35,54,17,10x
2018-12-26,27,36,47,47,68,21,
2018-12-30,17,22,29,33,41,19,
2019-01-04,14,16,25,40,56,11,2x
2019-01-07,10,28,32,41,63,20,3x
2019-01-11,12,32,34,42,68,21,4x
2019-01-16,6,34,50,57,64,16,10x
2019-01-21,4,32,33,37,56,12,
2019-01-25,12,16,17,36,62,19,4x
2019-01-28,3,7,49,58,68,24,10x
2019-02-01,2,21,38,40,67,25,10x
2019-02-06,7,29,34,60,65,10,2x
2019-02-10,5,28,34,43,68,23,
2019-02-14,3,56,62,63,68,26,10x
2019-02-19,3,7,21,41,45,8,2x
2019-02-22,1,14,18,27,45,2,2x
2019-02-27,8,27,31,34,46,4,3x
2019-03-02,8,19,24,28,41,16,
2019-03-05,21,46,51,56,57,4,4x
2019-03-09,28,34,43,46,69,26,
2019-03-12,7,10,24,33,44,19,10x
2019-03-15,30,55,66,66,68,23,
2019-03-19,17,23,30,33,42,21,
2019-03-24,4,4,12,35,65,10,3x
2019-03-28,5,6,11,61,63,5,3x
2019-03-31,29,36,44,54,61,23,5x
2019-04-03,23,55,57,62,62,9,
2019-04-08,14,24,48,48,63,7,
2019-04-11,4,23,24,43,45,9,
2019-04-15,3,20,24,47,56,26,4x
2019-04-18,16,20,30,46,48,25,
2019-04-23,8,16,27,36,51,20,3x
2019-04-28,20,51,54,57,65,6,5x
2019-05-02,6,38,39,53,68,6,
2019-05-07,4,8,17,32,62,18,10x
2019-05-10,23,43,47,62,69,20,10x
2019-05-13,12,49,55,63,64,5,5x
2019-05-18,4,8,13,21,27,25,4x
2019-05-23,9,23,36,50,59,17,
2019-05-27,1,10,18,46,53,21,3x
2019-06-01,8,16,57,61,65,15,5x
2019-06-04,14,24,34,44,62,16,5x
2019-06-07,37,37,49,67,68,20,10x
2019-06-10,2,21,39,58,61,9,10x
2019-06-14,2,3,33,34,42,22,5x
2019-06-18,4,24,32,45,59,18,
2019-06-21,6,38,46,58,60,21,2x
2019-06-26,26,30,34,49,67,10,2x
2019-06-30,2,16,23,54,57,25,4x
2019-07-04,7,32,35,59,63,8,
2019-07-07,4,5,12,38,67,8,
2019-07-12,7,35,39,39,47,19,
2019-07-16,2,30,35,39,55,16,2x
2019-07-21,17,34,42,50,52,22,2x
2019-07-26,12,18,42,46,57,12,
2019-07-29,1,19,37,39,52,3,
2019-08-03,1,30,44,47,63,16,
2019-08-07,13,28,50,58,59,11,
2019-08-10,15,31,32,48,65,13,
2019-08-14,20,26,45,57,63,1,4x
2019-08-18,3,9,11,16,61,22,4x
2019-08-21,2,2,16,30,68,10,4x
2019-08-25,6,27,38,38,50,3,3x
2019-08-30,6,28,39,43,58,20,5x
2019-09-04,14,23,32,44,63,10,2x
2019-09-07,1,3,49,58,64,18,10x
2019-09-10,14,23,28,51,63,13,4x
2019-09-14,2,5,17,20,65,1,4x
2019-09-18,28,32,37,55,68,19,2x
2019-09-22,8,40,45,56,67,12,2x
2019-09-25,7,8,13,55,65,22,10x
2019-09-29,4,12,29,39,58,2,3x
2019-10-03,32,33,50,56,61,13,
2019-10-07,7,20,26,30,69,11,
2019-10-12,14,30,35,36,41,8,3x
2019-10-15,6,14,20,37,51,16,3x
2019-10-19,17,18,20,22,39,4,
2019-10-23,1,10,47,54,64,2,10x
2019-10-26,7,39,42,64,67,21,2x
2019-10-29,9,16,33,47,59,16,
2019-11-03,12,15,26,40,42,23,10x
2019-11-06,5,28,28,43,68,19,
2019-11-09,31,31,54,55,55,13,
2019-11-14,9,24,65,66,68,19,
2019-11-19,22,28,33,42,54,14,5x
2019-11-23,11,23,23,34,63,24,
2019-11-28,7,21,23,34,35,2,10x
2019-12-02,9,30,58,64,66,3,
2019-12-07,21,33,48,56,63,7,2x
2019-12-12,12,49,53,60,63,25,
2019-12-15,8,23,24,49,64,18,2x
2019-12-19,11,12,18,24,68,5,2x
2019-12-22,1,18,28,67,67,16,5x
2019-12-25,18,29,58,60,65,15,
2019-12-29,13,18,37,66,68,3,2x
2020-01-01,2,7,31,43,68,26,4x
2020-01-04,6,26,44,49,56,22,3x
2020-01-08,16,22,47,51,60,14,4x
2020-01-11,14,23,44,56,57,8,
2020-01-14,3,33,54,55,69,21,
2020-01-19,15,34,43,45,56,11,4x
2020-01-23,8,11,20,31,62,19,3x
2020-01-28,26,29,43,44,47,7,
2020-01-31,13,14,26,26,55,10,
2020-02-04,15,28,40,44,58,15,
2020-02-08,1,28,34,49,60,11,
2020-02-11,17,27,30,40,44,26,4x
2020-02-14,19,25,48,52,63,6,
2020-02-18,3,17,36,43,53,19,5x
2020-02-23,9,11,24,42,42,20,2x
2020-02-27,11,19,28,30,63,3,
2020-03-03,27,44,45,48,52,8,3x
2020-03-08,44,46,47,65,66,6,
2020-03-11,9,17,19,29,69,13,3x
2020-03-15,7,52,53,58,62,16,4x
2020-03-18,12,18,26,34,53,2,
2020-03-22,2,13,57,60,64,23,10x
2020-03-27,23,32,51,56,63,26,
2020-04-01,1,12,26,48,69,16,2x
2020-04-04,11,31,43,54,61,18,10x
2020-04-07,4,22,32,49,67,15,4x
2020-04-12,4,28,32,53,56,16,4x
2020-04-16,7,10,18,27,57,13,3x
2020-04-21,12,12,27,36,54,5,4x
2020-04-24,4,29,33,34,49,17,
2020-04-29,11,12,13,29,63,20,2x
2020-05-03,7,12,19,20,29,15,3x
2020-05-08,30,31,34,35,64,11,
2020-05-13,9,18,40,49,53,11,2x
2020-05-16,10,14,33,35,64,21,2x
2020-05-21,5,36,47,47,48,2,4x
2020-05-24,1,18,24,44,50,3,10x
2020-05-28,12,13,36,55,60,6,2x
2020-06-02,5,15,27,43,45,13,4x
2020-06-07,17,39,49,58,67,22,2x
2020-06-10,27,63,63,64,68,2,
2020-06-13,47,56,61,67,67,19,5x
2020-06-16,5,28,34,37,42,25,4x
2020-06-21,2,30,31,57,65,26,4x
2020-06-25,6,17,51,57,60,17,5x
2020-06-28,8,15,21,33,53,12,
2020-07-02,22,45,47,51,65,25,
2020-07-06,13,17,21,37,39,7,
2020-07-10,6,20,23,34,63,21,
2020-07-13,35,40,41,56,58,20,
2020-07-18,10,18,32,61,63,26,4x
2020-07-23,26,28,29,43,46,12,3x
2020-07-26,18,31,39,47,55,17,2x
2020-07-30,31,34,51,55,56,6,
2020-08-04,8,29,50,64,67,21,
2020-08-08,19,37,44,59,63,14,5x
2020-08-13,4,8,14,55,59,3,10x
2020-08-16,8,11,47,60,64,10,4x
2020-08-21,3,7,8,44,44,16,3x
2020-08-24,11,35,45,52,68,5,3x
2020-08-28,22,26,35,40,59,7,3x
2020-09-01,2,23,41,45,58,12,
2020-09-05,27,43,56,58,69,11,2x
2020-09-09,34,41,43,55,64,26,
2020-09-14,23,25,25,30,44,16,5x
2020-09-19,13,20,36,36,53,1,5x
2020-09-22,7,9,37,45,47,6,
2020-09-26,28,30,36,51,65,13,10x
2020-10-01,2,13,16,31,36,7,2x
2020-10-05,5,17,27,28,45,26,10x
2020-10-10,18,23,38,42,53,14,4x
2020-10-14,18,18,31,47,68,19,10x
2020-10-17,14,16,18,49,53,11,2x
2020-10-22,34,39,57,59,69,8,3x
2020-10-26,3,32,39,40,48,4,
2020-10-29,38,44,49,58,66,14,4x
2020-11-01,22,26,30,31,54,9,3x
2020-11-05,4,8,41,48,66,24,10x
2020-11-08,1,16,20,42,60,19,5x
2020-11-13,2,6,16,33,57,25,
2020-11-18,6,11,35,37,37,10,4x
2020-11-22,14,26,42,48,52,23,
2020-11-27,4,12,46,60,62,14,5x
2020-11-30,4,25,51,60,68,9,2x
2020-12-04,13,16,21,30,48,4,
2020-12-07,14,54,55,61,65,6,4x
2020-12-12,11,21,30,33,35,12,10x
2020-12-16,17,19,31,32,35,23,10x
2020-12-20,20,21,24,52,54,8,2x
2020-12-25,7,9,36,45,68,26,4x
2020-12-28,3,27,38,39,64,10,10x
2021-01-01,12,15,39,53,67,25,4x
2021-01-05,15,17,26,47,67,21,5x
2021-01-08,6,12,32,33,37,26,5x
2021-01-11,19,44,52,54,61,1,
2021-01-16,12,16,40,50,60,11,10x
2021-01-20,21,24,26,37,55,22,
2021-01-23,20,24,36,60,62,14,5x
2021-01-28,5,21,32,59,68,24,
2021-02-02,25,30,48,50,65,6,3x
2021-02-06,52,52,64,67,67,6,2x
2021-02-09,5,22,52,66,67,26,2x
2021-02-12,24,37,38,38,52,3,
2021-02-16,13,29,42,66,67,26,3x
2021-02-20,12,19,20,40,43,2,
2021-02-23,12,24,27,54,56,10,2x
2021-02-26,20,44,48,51,65,23,
2021-03-03,7,17,46,61,69,25,4x
2021-03-07,11,30,35,36,66,13,
2021-03-12,5,23,32,34,64,20,2x
2021-03-15,7,22,31,39,60,21,2x
2021-03-20,11,15,16,29,57,17,5x
2021-03-25,32,35,36,51,62,25,4x
2021-03-28,11,46,62,66,67,20,5x
2021-04-01,10,21,34,50,65,25,
2021-04-05,21,28,35,38,47,25,4x
2021-04-08,33,55,57,63,64,18,
2021-04-12,3,4,18,59,63,24,
2021-04-17,27,27,48,56,69,15,
2021-04-20,21,40,46,55,58,14,3x
2021-04-23,8,10,47,66,69,21,
2021-04-28,21,41,43,51,59,16,2x
2021-05-03,5,7,21,64,67,23,5x
2021-05-07,4,9,48,56,59,2,4x
2021-05-10,1,4,46,55,67,13,5x
2021-05-14,13,37,47,55,67,22,2x
2021-05-19,3,3,28,55,56,4,
2021-05-22,4,22,23,41,46,7,
2021-05-25,14,16,17,31,60,10,
2021-05-28,11,33,42,62,64,3,5x
2021-06-01,18,30,35,37,52,19,
2021-06-05,6,7,55,57,67,14,2x
2021-06-09,20,25,29,50,51,10,10x
2021-06-12,3,22,25,55,65,10,5x
2021-06-15,17,57,58,60,60,6,3x
2021-06-20,8,42,52,53,58,4,3x
2021-06-25,9,17,58,61,64,21,
2021-06-30,16,38,45,47,66,19,10x
2021-07-05,9,19,30,43,50,7,
2021-07-10,13,23,25,46,55,9,3x
2021-07-14,41,46,47,56,60,23,
2021-07-18,16,21,22,52,57,14,3x
2021-07-21,10,25,31,35,62,25,2x
2021-07-25,16,40,42,42,59,19,
2021-07-29,3,28,49,60,63,14,10x
2021-08-02,6,12,18,57,59,20,10x
2021-08-07,21,23,30,55,59,20,4x
2021-08-11,27,38,41,44,65,19,3x
2021-08-16,2,2,20,45,68,14,5x
2021-08-21,1,5,20,36,47,24,5x
2021-08-24,33,37,39,40,50,10,
2021-08-29,15,19,28,43,48,14,5x
2021-09-03,39,46,48,48,57,19,
2021-09-08,6,36,42,53,69,10,
2021-09-13,8,24,40,48,62,23,10x
2021-09-18,1,12,26,29,36,21,5x
2021-09-21,8,23,46,51,56,17,
2021-09-25,1,21,24,43,47,20,
2021-09-30,13,15,37,46,49,20,5x
2021-10-03,11,43,51,53,59,23,2x
2021-10-08,4,14,57,59,64,10,2x
2021-10-12,16,20,34,38,47,10,2x
2021-10-16,11,12,31,37,46,14,4x
2021-10-20,5,16,18,24,39,3,3x
2021-10-25,4,7,18,43,56,24,4x
2021-10-29,38,47,64,64,69,23,5x
2021-11-01,23,29,37,52,53,20,
2021-11-05,11,12,24,39,46,4,5x
2021-11-09,14,15,36,49,50,17,
2021-11-14,7,9,21,24,46,6,4x
2021-11-17,32,36,38,39,59,20,
2021-11-22,25,31,37,40,57,10,5x
2021-11-27,2,41,42,42,56,5,
2021-12-01,1,32,33,47,56,21,10x
2021-12-05,8,11,49,66,69,3,3x
2021-12-09,4,6,22,39,47,25,3x
2021-12-13,48,48,55,59,61,17,2x
2021-12-17,21,35,40,50,52,22,3x
2021-12-20,21,33,52,53,66,8,4x
2021-12-23,2,7,9,25,33,23,2x
2021-12-27,5,16,50,56,65,25,
2021-12-30,31,32,54,64,65,10,2x
2022-01-02,10,23,25,57,65,8,
2022-01-06,28,50,53,63,68,13,
2022-01-09,6,13,27,49,54,20,
2022-01-12,8,11,27,58,63,8,2x
2022-01-16,6,7,24,43,69,2,
2022-01-19,14,36,37,44,45,24,10x
2022-01-23,9,28,42,65,67,25,
2022-01-27,16,23,39,60,64,22,
2022-01-30,1,26,30,34,50,26,2x
2022-02-02,5,47,59,67,69,10,
2022-02-05,10,12,18,55,56,12,
2022-02-09,9,23,30,58,66,15,5x
2022-02-13,19,29,32,34,50,11,
2022-02-16,4,34,35,44,53,12,4x
2022-02-19,5,32,47,49,62,5,2x
2022-02-22,22,40,68,68,69,12,
2022-02-25,20,22,23,36,49,21,
2022-03-02,35,44,50,53,64,25,4x
2022-03-07,11,14,16,44,59,21,4x
2022-03-12,4,19,51,51,66,17,
2022-03-17,9,59,60,60,66,24,5x
2022-03-20,6,8,26,54,64,16,
2022-03-25,10,30,30,35,57,22,10x
2022-03-30,22,54,54,62,66,22,2x
2022-04-04,1,6,13,59,61,10,3x
2022-04-07,2,12,58,63,69,14,
2022-04-12,6,13,40,48,52,22,2x
2022-04-16,18,23,24,48,56,2,
2022-04-21,4,13,57,60,69,23,3x
2022-04-24,1,7,8,41,58,10,3x
2022-04-29,5,16,27,30,61,19,3x
2022-05-04,20,32,48,60,61,11,4x
2022-05-09,3,25,37,54,64,22,10x
2022-05-12,4,37,42,43,44,8,2x
2022-05-17,1,7,41,45,55,10,10x
2022-05-22,3,14,16,32,66,16,5x
2022-05-26,5,15,37,45,64,7,
2022-05-30,7,21,27,37,49,17,3x
2022-06-03,47,49,51,57,62,19,2x
2022-06-06,10,29,39,40,48,4,2x
2022-06-10,5,18,36,51,54,10,5x
2022-06-14,1,9,24,47,61,2,2x
2022-06-18,11,42,51,51,58,8,
2022-06-21,6,53,60,63,64,3,10x
2022-06-24,18,48,54,67,69,7,2x
2022-06-28,3,6,60,63,64,10,3x
2022-07-01,9,18,39,44,58,6,
2022-07-06,23,25,29,36,58,20,10x
2022-07-09,15,47,50,59,64,16,
2022-07-12,11,15,24,25,53,23,
2022-07-15,11,19,20,45,46,19,
2022-07-20,1,6,20,24,52,6,10x
2022-07-23,1,23,24,46,64,17,5x
2022-07-27,12,15,27,28,38,21,3x
2022-07-30,6,21,25,28,40,11,4x
2022-08-02,22,38,56,61,68,21,10x
2022-08-06,26,28,31,39,40,3,5x
2022-08-09,20,30,32,61,67,2,3x
2022-08-14,16,36,44,61,68,1,3x
2022-08-17,6,18,22,33,34,11,
2022-08-20,2,51,53,57,57,1,5x
2022-08-24,10,13,35,41,48,14,
2022-08-29,13,19,42,46,67,26,2x
2022-09-01,14,41,45,50,64,26,5x
2022-09-05,8,25,34,34,38,11,
2022-09-09,2,15,32,36,56,13,2x
2022-09-12,7,16,16,40,44,11,
2022-09-17,17,46,58,60,63,11,
2022-09-21,13,28,29,39,44,18,5x
2022-09-25,31,37,39,53,59,19,
2022-09-30,23,38,49,49,56,13,4x
2022-10-05,7,39,44,57,60,23,5x
2022-10-08,28,30,41,44,61,7,
2022-10-13,12,30,30,41,48,16,4x
2022-10-16,18,21,23,32,43,2,
2022-10-20,10,20,34,43,44,23,
2022-10-24,2,16,35,59,60,4,5x
2022-10-29,12,32,59,66,67,21,2x
2022-11-03,5,21,33,38,68,25,3x
2022-11-07,7,11,31,37,41,21,3x
2022-11-12,8,25,46,58,60,22,10x
2022-11-15,8,42,45,50,55,2,
2022-11-18,1,9,19,32,68,26,
2022-11-23,35,41,43,53,69,22,10x
2022-11-26,30,30,40,40,54,17,3x
2022-11-29,9,58,58,64,67,23,10x
2022-12-03,14,25,26,42,49,3,3x
2022-12-07,18,23,50,51,68,20,10x
2022-12-12,5,26,42,44,46,20,5x
2022-12-16,5,21,29,51,59,24,
2022-12-19,24,41,42,60,64,16,2x
2022-12-23,13,29,40,51,57,12,
2022-12-27,1,10,12,38,56,15,
2023-01-01,8,41,46,51,56,10,
2023-01-06,14,28,44,46,67,25,
2023-01-10,16,27,53,56,68,14,
2023-01-13,33,36,44,58,61,4,
2023-01-17,14,18,23,25,26,18,10x
2023-01-22,4,8,18,23,44,2,
2023-01-25,11,34,44,47,68,7,5x
2023-01-29,22,38,53,61,64,21,
2023-02-01,2,4,14,38,45,10,
2023-02-04,5,13,31,49,60,6,2x
2023-02-07,2,6,9,13,48,13,
2023-02-10,5,10,15,19,63,12,2x
2023-02-14,3,14,49,53,67,3,5x
2023-02-19,8,42,49,56,66,22,2x
2023-02-23,1,13,28,32,46,20,4x
2023-02-26,12,17,38,54,65,11,
2023-03-01,10,17,25,55,60,24,3x
2023-03-05,5,8,24,24,47,7,4x
2023-03-10,4,44,46,52,67,8,
2023-03-15,4,11,18,29,48,10,5x
2023-03-20,34,39,52,59,61,16,2x
2023-03-23,1,3,8,51,63,22,5x
2023-03-27,3,6,15,65,67,20,
2023-04-01,20,20,30,43,50,13,5x
2023-04-06,2,20,46,60,62,4,
2023-04-09,11,33,45,52,61,6,2x
2023-04-13,13,29,37,39,42,22,5x
2023-04-17,2,13,18,20,49,26,
2023-04-20,5,12,13,30,38,19,2x
2023-04-25,1,17,27,41,53,6,2x
2023-04-28,21,28,34,67,68,17,2x
2023-05-03,10,21,31,38,59,20,4x
2023-05-06,7,8,11,38,65,22,10x
2023-05-11,16,19,21,46,48,6,3x
2023-05-15,1,33,40,42,43,9,10x
2023-05-19,6,7,49,58,67,12,
2023-05-23,13,21,25,30,61,2,10x
2023-05-26,12,20,27,38,39,13,4x
2023-05-31,1,8,26,47,63,6,2x
2023-06-03,19,21,34,41,45,11,5x
2023-06-07,3,5,12,20,27,25,2x
2023-06-12,20,45,55,57,69,18,10x
2023-06-15,34,51,54,63,66,10,5x
2023-06-18,5,26,32,32,61,20,2x
2023-06-22,20,26,30,42,65,16,5x
2023-06-27,8,24,24,28,50,7,5x
2023-07-01,3,16,31,51,58,19,5x
2023-07-05,20,32,38,48,50,24,
2023-07-09,1,8,37,41,46,3,10x
2023-07-13,2,24,34,35,42,21,10x
2023-07-18,11,41,44,49,56,15,
2023-07-22,35,37,40,45,60,19,
2023-07-25,11,15,22,25,59,2,4x
2023-07-28,24,25,46,50,50,22,2x
2023-07-31,16,25,27,41,46,13,4x
2023-08-05,7,47,48,58,69,2,
2023-08-09,28,29,43,52,61,14,
2023-08-13,1,13,43,49,62,17,
2023-08-18,4,55,55,65,66,9,
2023-08-21,11,21,33,46,55,25,
2023-08-26,11,12,13,29,68,4,4x
2023-08-30,11,33,48,60,63,23,
2023-09-04,17,34,48,49,59,24,3x
2023-09-07,3,42,42,56,59,17,2x
2023-09-10,1,36,48,51,69,16,
2023-09-14,16,55,58,62,68,12,
2023-09-19,14,16,49,50,65,4,10x
2023-09-22,32,34,39,41,61,21,2x
2023-09-25,9,13,18,30,34,18,
2023-09-29,2,3,25,32,65,12,3x
2023-10-03,14,41,44,49,55,22,5x
2023-10-06,1,17,23,48,65,5,
2023-10-11,8,27,53,65,65,8,3x
2023-10-14,30,31,39,47,50,1,10x
2023-10-19,10,41,54,60,69,3,2x
2023-10-23,5,14,27,53,54,16,5x
2023-10-28,15,21,50,51,67,5,10x
2023-11-02,4,7,7,25,59,26,5x
2023-11-07,1,16,17,51,68,8,10x
2023-11-11,12,16,30,41,52,5,
2023-11-16,5,29,36,41,42,12,5x
2023-11-20,14,27,48,63,63,4,
2023-11-25,12,21,26,29,52,8,
2023-11-29,28,34,41,42,52,17,
2023-12-04,7,8,42,50,53,4,
2023-12-08,3,23,38,46,61,19,
2023-12-12,3,8,14,24,40,20,
2023-12-15,13,35,36,42,43,20,
2023-12-19,11,22,29,35,68,13,4x
2023-12-22,2,4,9,35,58,17,10x
2023-12-26,3,20,61,66,68,15,10x
2023-12-29,1,6,22,41,56,6,
2024-01-01,8,50,50,55,65,20,
2024-01-05,9,11,40,43,54,7,2x
2024-01-09,11,16,33,50,57,17,
2024-01-12,36,44,51,52,54,24,10x
2024-01-15,8,9,11,48,63,23,3x
2024-01-18,23,25,27,44,66,2,10x
2024-01-22,9,15,34,36,64,24,10x
2024-01-25,1,21,26,59,59,22,
2024-01-30,2,22,44,49,69,21,3x
2024-02-04,37,38,45,46,67,9,2x
2024-02-09,7,11,17,27,53,10,
2024-02-12,8,9,19,22,57,19,10x
2024-02-15,3,21,38,46,57,19,10x
2024-02-20,15,20,21,28,63,15,
2024-02-25,24,31,50,57,61,21,10x
2024-02-29,6,37,47,49,64,7,
2024-03-03,17,38,40,44,55,21,3x
2024-03-08,11,17,27,34,68,23,10x
2024-03-13,7,14,33,57,64,20,
2024-03-16,8,24,38,42,65,25,2x
2024-03-21,18,27,29,39,48,7,4x
2024-03-25,4,47,56,67,68,25,5x
2024-03-29,28,36,50,51,52,9,5x
2024-04-02,15,29,48,50,63,1,10x
2024-04-06,12,27,29,41,64,6,4x
2024-04-10,2,20,43,54,66,21,
2024-04-15,27,32,36,61,69,16,5x
2024-04-19,23,32,33,66,68,9,4x
2024-04-23,2,11,13,32,63,26,
2024-04-27,36,47,52,65,69,11,4x
2024-05-02,3,11,18,23,26,20,
2024-05-07,1,31,31,35,48,3,10x
2024-05-11,1,35,48,56,62,11,
2024-05-15,18,21,36,57,68,15,5x
2024-05-19,8,9,43,49,66,12,
2024-05-24,33,43,46,62,64,25,4x
2024-05-28,8,14,15,32,41,9,10x
2024-06-02,5,12,21,29,64,24,5x
2024-06-06,3,27,50,59,64,13,
2024-06-10,12,23,31,48,57,13,5x
2024-06-14,5,50,52,64,65,4,3x
2024-06-17,3,12,15,35,62,13,5x
2024-06-20,36,37,45,58,62,19,
2024-06-24,8,12,27,46,50,10,2x
2024-06-28,9,10,46,55,66,15,4x
2024-07-03,13,23,25,64,65,1,5x
2024-07-07,5,11,15,52,56,16,4x
2024-07-11,13,31,36,36,46,14,
2024-07-14,12,17,35,41,47,3,
2024-07-17,10,20,22,35,63,25,2x
2024-07-22,10,19,53,59,65,10,
2024-07-25,12,21,25,51,56,21,
2024-07-29,10,41,50,57,67,6,10x
2024-08-01,1,28,32,39,64,10,
2024-08-05,11,18,26,42,57,18,
2024-08-08,16,25,55,61,67,25,10x
2024-08-11,13,28,33,45,57,17,4x
2024-08-14,33,50,52,58,59,13,4x
2024-08-19,26,26,52,55,65,5,
2024-08-24,20,26,28,49,64,5,3x
2024-08-27,17,44,53,58,63,1,4x
2024-08-31,21,27,27,52,60,7,
2024-09-05,4,36,39,41,47,25,
2024-09-09,12,25,45,47,62,20,2x
2024-09-12,7,8,13,18,65,19,3x
2024-09-15,6,8,30,50,56,7,
2024-09-20,32,52,55,64,68,14,5x
2024-09-25,17,36,52,65,65,23,4x
2024-09-30,1,30,31,36,41,19,5x
2024-10-03,21,34,47,47,57,20,10x
2024-10-07,6,15,39,48,60,7,10x
2024-10-12,2,20,38,45,51,25,4x
2024-10-15,7,19,27,40,68,25,4x
2024-10-18,5,7,18,52,55,25,
2024-10-21,21,30,34,35,38,13,
2024-10-24,10,13,14,38,58,4,10x
2024-10-28,5,35,41,59,62,17,4x
2024-11-02,12,29,54,57,69,21,4x
2024-11-07,5,20,25,25,49,3,5x
2024-11-12,13,34,40,42,55,16,2x
2024-11-15,14,20,32,42,43,18,5x
2024-11-18,5,15,22,36,45,7,4x
2024-11-21,5,14,30,37,51,10,2x
2024-11-26,1,7,42,45,46,19,10x
2024-11-29,10,30,31,44,54,16,10x
2024-12-03,2,18,43,61,63,16,4x
2024-12-07,1,9,31,32,64,26,2x
2024-12-11,5,13,23,49,56,11,4x
2024-12-16,2,14,35,47,57,5,
2024-12-21,8,12,34,51,59,15,10x
2024-12-24,5,15,23,24,61,23,5x
2024-12-28,9,17,40,50,58,3,10x
2025-01-01,12,25,48,48,54,14,2x
2025-01-06,27,28,28,36,64,21,5x
2025-01-11,5,18,32,36,63,17,
2025-01-16,6,10,11,22,68,19,4x
2025-01-20,9,16,52,55,65,20,2x
2025-01-23,9,17,35,56,62,24,
2025-01-28,2,4,34,49,53,14,3x
2025-02-02,3,29,51,67,69,7,
2025-02-07,11,27,49,53,60,26,4x
2025-02-10,19,38,44,58,68,18,5x
2025-02-13,39,51,52,59,59,4,3x
2025-02-17,17,24,41,50,54,2,4x
2025-02-21,1,4,49,56,61,1,
2025-02-24,13,17,44,54,59,17,3x
2025-03-01,5,12,27,50,51,20,2x
2025-03-06,15,17,18,30,49,26,3x
2025-03-09,8,30,34,57,67,21,3x
2025-03-12,10,14,41,45,55,25,
2025-03-17,4,14,28,50,54,26,2x
2025-03-22,30,30,39,63,69,6,10x
2025-03-26,7,19,25,54,67,13,5x
2025-03-29,22,34,58,64,69,4,
2025-04-03,3,8,21,40,59,10,2x
2025-04-08,1,54,59,60,61,16,5x
2025-04-13,14,18,21,38,61,24,3x
2025-04-16,18,32,42,64,64,23,
2025-04-21,44,56,60,62,65,16,10x
2025-04-25,17,25,39,53,55,22,5x
2025-04-29,16,37,41,43,47,8,10x
2025-05-04,7,17,33,44,54,2,2x
2025-05-07,9,12,18,48,51,3,4x
2025-05-11,37,44,54,55,68,5,5x
2025-05-15,9,10,37,64,69,4,4x
2025-05-19,12,25,36,52,59,7,4x
2025-05-22,35,56,59,62,65,16,5x
2025-05-25,3,8,13,22,50,23,
2025-05-30,5,22,23,55,68,20,2x
2025-06-04,12,45,47,58,59,16,2x
2025-06-08,9,11,32,47,65,2,3x
2025-06-11,24,33,37,54,57,21,4x
2025-06-16,9,13,29,59,65,19,
2025-06-21,13,13,47,50,65,22,
2025-06-24,18,23,40,57,61,26,
2025-06-28,31,42,43,64,66,6,
2025-07-01,1,25,39,44,57,5,5x
2025-07-04,4,25,40,61,67,18,
2025-07-07,6,12,25,33,56,10,10x
2025-07-10,21,38,43,62,62,5,
2025-07-13,1,4,44,57,68,1,4x
2025-07-16,7,8,10,17,45,14,
2025-07-20,6,22,49,63,65,13,3x
2025-07-24,1,22,37,38,62,26,
2025-07-29,16,21,47,54,63,3,4x
2025-08-01,23,38,39,46,68,25,10x
2025-08-04,14,32,46,58,68,23,5x
2025-08-08,8,9,25,59,66,17,
2025-08-11,8,18,42,47,61,10,
2025-08-14,12,18,22,23,48,20,10x
2025-08-18,10,12,24,33,44,8,
2025-08-23,24,24,29,39,63,5,
2025-08-26,31,34,59,62,68,17,3x
2025-08-29,9,15,37,53,57,21,
2025-09-03,15,48,49,58,64,23,
2025-09-08,7,9,12,18,44,14,
2025-09-12,19,27,39,59,66,5,
2025-09-16,10,45,55,58,59,7,5x
2025-09-20,17,22,24,47,60,20,10x
2025-09-23,10,14,33,40,50,20,2x
2025-09-27,5,12,13,24,59,15,5x
2025-09-30,4,13,19,39,39,11,5x
2025-10-03,9,25,33,37,43,7,4x
2025-10-07,9,14,20,28,29,18,
2025-10-10,13,18,21,29,31,3,
2025-10-15,22,25,26,47,56,8,
2025-10-20,46,47,60,68,69,11,
2025-10-24,10,17,34,45,51,8,4x
2025-10-29,15,15,26,50,62,16,5x
2025-11-01,4,41,64,67,69,4,10x
2025-11-06,3,28,39,45,49,9,5x
2025-11-09,7,32,52,54,64,24,
2025-11-12,13,16,27,28,32,23,
2025-11-15,4,38,41,44,58,16,10x
2025-11-19,12,31,33,34,61,8,5x
2025-11-22,12,26,31,46,62,9,2x
2025-11-27,2,23,36,65,67,10,
2025-12-02,4,10,15,62,64,21,5x
2025-12-05,4,15,31,57,62,16,
2025-12-08,11,41,41,62,62,24,3x
2025-12-13,2,26,30,35,57,22,3x
2025-12-17,4,16,20,63,65,21,
2025-12-22,27,29,37,65,68,19,10x
2025-12-27,1,19,39,52,57,16,
2025-12-31,25,26,51,59,66,9,
2026-01-04,9,28,61,61,61,1,4x
2026-01-09,10,11,16,31,44,9,2x
2026-01-12,8,25,56,59,62,16,10x
2026-01-15,4,13,24,31,40,16,
2026-01-20,3,23,23,37,44,6,2x
2026-01-24,4,7,24,29,30,6,5x
2026-01-28,17,42,47,58,65,13,5x
2026-01-31,24,27,38,43,65,1,3x
2026-02-04,4,5,27,28,68,15,10x
2026-02-07,6,27,28,42,56,23,
2026-02-11,3,10,41,46,56,14,
2026-02-15,1,23,32,57,59,20,
2026-02-19,7,26,29,35,49,16,10x
2026-02-24,13,26,42,56,65,13,4x
2026-02-27,2,21,25,40,45,13,
2026-03-02,19,25,50,53,65,7,
2026-03-06,12,16,21,38,39,4,2x
2026-03-10,28,37,41,64,66,24,4x
2026-03-14,17,30,31,39,53,19,
2026-03-18,3,20,41,54,63,7,5x
2026-03-22,19,24,58,63,68,14,
2026-03-27,4,38,43,61,64,13,4x
2026-03-31,2,22,34,37,60,1,
2026-04-03,1,16,20,29,36,5,10x
2026-04-06,3,7,32,35,56,25,4x
2026-04-09,29,43,49,55,55,12,5x
2026-04-13,24,34,60,66,67,6,
2026-04-16,3,23,42,56,66,26,
2026-04-20,11,17,42,56,69,2,2x
2026-04-23,21,39,43,57,63,20,5x
2026-04-27,16,17,34,60,62,13,
2026-05-01,6,7,8,20,48,17,
2026-05-04,3,15,54,56,60,26,5x
2026-05-09,30,33,43,61,63,3,3x
2026-05-12,1,12,26,57,63,16,5x
2026-05-15,5,19,32,50,52,4,
2026-05-19,2,39,57,67,69,23,
2026-05-23,2,25,33,34,36,9,
2026-05-27,7,8,26,26,40,14,3x
2026-05-30,9,24,32,47,67,13,
2026-06-04,28,34,51,59,62,13,5x
2026-06-09,16,43,57,63,64,9,3x
2026-06-12,1,9,19,51,55,15,10x
2026-06-15,36,54,61,64,67,16,10x
2026-06-18,2,7,35,43,58,19,10x
2026-06-23,17,20,26,32,54,25,3x
2026-06-27,21,25,52,56,59,4,4x
2026-07-02,32,39,41,52,62,16,
2026-07-07,7,7,23,27,69,18,2x
2026-07-12,14,22,31,55,65,1,
2026-07-15,10,29,36,61,62,18,5x
2026-07-19,6,13,14,26,38,10,
2026-07-24,1,6,12,24,36,26,5x
2026-07-27,32,36,38,41,58,21,
2026-08-01,24,24,26,50,65,6,
2026-08-05,26,26,38,42,53,21,10x
